sk_weather_code,code,description
-1,-1,Unknown
1,0,Clear sky
2,1,Mainly clear
3,2,Partly cloudy
4,3,Overcast
5,45,Fog
6,48,Depositing rime fog
7,51,Drizzle light intensity
8,53,Drizzle moderate intensity
9,55,Drizzle dense intensity
10,56,Freezing drizzle light intensity
11,57,Freezing drizzle dense intensity
12,61,Rain slight intensity
13,63,Rain moderate intensity
14,65,Rain heavy intensity
15,66,Freezing rain light intensity
16,67,Freezing rain heavy intensity
17,71,Snow fall slight intensity
18,73,Snow fall moderate intensity
19,75,Snow fall heavy intensity
20,77,Snow grains
21,80,Rain showers slight intensity
22,81,Rain showers moderate intensity
23,82,Rain showers violent intensity
24,85,Snow showers slight
25,86,Snow showers heavy
26,95,Thunderstorm slight or moderate
27,96,Thunderstorm with slight hail
28,99,Thunderstorm with heavy hail
