sk_user,user_id,first_name,last_name
-1,-1,Unknown,Unknown
1,-1,Jakub,Kacur
2,-1,Simon,Kovarik
3,-1,Dmitry,Dubishkin
4,-1,Sasha,Roewer
5,-1,Catriona,Rendtel
6,-1,Michal,Polak
7,-1,Adam,Fedor
8,-1,Marindah,Marsh
9,-1,David,Pazderak
10,-1,James,Marsh
11,-1,Natasha,Marsh
12,-1,Vojtech,Janda
13,-1,Oliver,Frank
14,-1,Hana,Rottenbornova
15,-1,Josef,Dolezal
16,-1,Katerina,Pribylova
17,-1,Matvey,Dubishkin
18,-1,Riley,Marsh
19,-1,Nela,Kellnerova
20,-1,Jakub,Popovic
21,-1,Nicole,Marsh
22,-1,Jessica,Marsh
23,-1,Anna,Perdokova
24,-1,Martin,Modransky
25,-1,Jozef,Andrej
26,-1,Marianna,Kolodiova
27,-1,David,Spontak
28,-1,Katerina,Hauerova
29,-1,Matej,Mocek
30,-1,Marian,Modransky
31,-1,Stefan,Jackovic
32,-1,Damien,Spulak
33,-1,Martin,Tichy
34,-1,Martin,Fuchs
35,-1,Jin,"Chen,yating"
36,-1,Sara,Hanna
37,-1,Kara,Bulcsu
38,-1,Mercz,Berenike
39,-1,Lukas,Ferkl
40,-1,Peter,Torma
41,-1,Michal,Kostohryz
42,-1,Michael,Kitin
43,-1,Keszthelyi,Sandor
44,-1,Mercz,Olivia
45,-1,Almos,Tatai
46,-1,Martin,Adamovsky
47,-1,Jaromir,Sima
48,-1,Keresztes,Miklos
49,-1,Bodi,Aron
50,-1,Makkos,Gabor
51,-1,Vaibhav,Athalye
52,-1,Marianna,Kolodiova
53,-1,Csabai,Laszlo
54,-1,Blanka,Ferklova
55,-1,Vagone,Koch
56,-1,Jasmine,Marsh
57,-1,David,Pazderak
58,-1,Katerina,Rollingerova
59,-1,Juraj,Stefina
60,-1,Irena,Pickova
61,-1,Gyula,Zimmermann
62,-1,Marek,Cihla
63,-1,Szoke,Tamas
64,-1,Csabai,Laszlone
65,-1,Rezso,Nagy
66,-1,Beata,Nagy
67,-1,Tekler,Vilmos
68,-1,Vladimir,Tokarev
69,-1,Marian,Ray
70,-1,Monika,Najmanova
71,-1,Vinceller,Gabor
72,-1,Katerina,Hrneckova
73,-1,Schmerz,Blanka
74,-1,Andrea,Stasova
75,-1,Sragner,Marta
76,-1,Anna,Stindlova
77,-1,Peter,Onufriak
78,-1,Jinwen,"Xing,jin"
79,-1,Jan,Plavnicky
80,-1,Jan,Ebr
81,-1,Radovan,Stas
82,-1,Marosi,Istvan
83,-1,Kara,Barnabas
84,-1,Csilla,Lehoczky
85,-1,Marketa,Ferklova
86,-1,Zsofia,Nagy
87,-1,Porhanda,Zsolt
88,-1,Lukas,Vesely
89,-1,Marta,Zoltan
90,-1,Michaela,Walterova
91,-1,Lukas,Beneda
92,-1,Ivana,Stenclova
93,-1,Lukas,Frosard
94,-1,Garamvolgyi,Laszlo
95,-1,Bodi,Aron
96,-1,Michaela,Beresova
97,-1,Beke,Balint
98,-1,Jakub,Kacur
99,-1,Matthew,Teese
100,-1,Ondrej,Fremunt
101,-1,Rezso,Nagy
102,-1,Beata,Leskova
103,-1,Zuzana,Fremuntova
104,-1,Mihajlo,Rackovic
105,-1,Isidora,Milivojevic
106,-1,Jan,Hamko
107,-1,Nikola,Ilic
108,-1,Marina,Vracaric
109,-1,Chiara,Dzudziova
110,-1,Marco,Paupy
111,-1,Marketa,Ferklova
112,-1,Sara,Chetta
113,-1,Marian,Ray
114,-1,Matea,Novkovic
115,-1,Ivana,Benesova
116,-1,Marco,Germani
117,-1,Radim,Volek
118,-1,Lukas,Krizek
119,-1,Jakub,Garay
120,-1,Erik,Vukasinovic
121,-1,Giorgio,Rizzarelli
122,-1,Stela,Arlt
123,-1,Ludovic,Perbet
124,-1,Jan,Plavnicky
125,-1,Chenxi,Lin
126,-1,Ivo,Polic
127,-1,Jan,Pohlen
128,-1,Tomas,Vanek
129,-1,Rosicka,Katerina
130,-1,Michal,Cervenak
131,-1,Erik,Vilhelm
132,-1,Mateo,Paupy
133,-1,Ivona,Novutny
134,-1,Martin,Virik
135,-1,Andrea,Verch
136,-1,Katerina,Hrneckova
137,-1,Krystof,Soukup
138,-1,Stefano,Schirinzi
139,-1,Timotej,Virik
140,-1,Jiri,Valachovic
141,-1,David,Prusinovsky
142,-1,Dan,Blaha
143,-1,Monika,Najmanova
144,-1,Andrea,Stasova
145,-1,Radovan,Stas
146,-1,Manon,Hreha
147,-1,Bohdana,Vokounova
148,-1,Eduard,Plic
149,-1,Marianka,Kolodiova
150,-1,Emma,Tommoriova
151,-1,Renee,Milton
152,-1,Stefan,Jackovic
153,-1,Vratko,Kapus
154,-1,Michael,Funke
155,-1,Vojtech,Cechura
156,-1,Simon,Janovec
157,-1,Nika,Husarikova
158,-1,Dominika,Perunska
159,-1,Simon,Cura
160,-1,Klara,Hanykova
161,-1,Tomas,Kucera
162,-1,Jan,Frencl
163,-1,Lea,Szakszonova
164,-1,"Tfg,",Familystar
165,-1,Alexandra,Szaboova
166,-1,Jan,Kondziolka
167,-1,Adam,Horanic
168,-1,Alex,Alexovic
169,-1,Ehsan,Tamande
170,-1,Alexander,Alexovic
171,-1,Kristyna,Mickova
172,-1,Jakub,Slivka
173,-1,Jan,Urban
174,-1,Katerina,Kucerova
175,-1,Jan,Rusinko
176,-1,Jan,Hamko
177,-1,David,Brany
178,-1,Kseniya,Vauchkevich
179,-1,Vojtech,Bartak
180,-1,Patryk,"Kozlowski,"
181,-1,Petr,Hess
182,-1,Ondrej,Fremunt
183,-1,Katka,Fedorova
184,-1,Alena,Mockova
185,-1,Veronika,Buchova
186,-1,Anna,Olejniczak
187,-1,Theodor,L
188,-1,Diana,Uhrinova
189,-1,Lukas,Pavel
190,-1,Martin,Vincencik
191,-1,Michal,Braun
192,-1,Romi,Vandenvonder
193,1,Rainer,Arlt
194,21,Valentin,Velkov
195,31,Andre,Knofel
196,33,Ralf,Koschack
197,36,Sirko,Molau
198,38,Carl,Johannink
199,40,Hartwig,Luethen
200,44,Ulrich,Sperberg
201,49,Roland,Winkler
202,52,Grigoris,Maravelias
203,58,Alberto,Latini
204,67,Karl,Antier
205,68,Antal,Igaz
206,81,Mitja,Govedic
207,82,Jurgen,Rendtel
208,85,Shigeo,Uchiyama
209,94,Branislav,Savic
210,112,Felix,Bettonvil
211,115,Thomas,Weiland
212,119,Valentin,Grigore
213,131,Javor,Kac
214,135,Orlando,Benitez
215,138,Tim,Cooper
216,154,Alastair,Mcbeath
217,177,Robert,Lunsford
218,185,Richard,Taibi
219,191,Antonio,Martinez
220,194,Ivan,Sergey
221,210,Ina,Rendtel
222,211,Michel,Vandeputte
223,214,Koen,Miskotte
224,238,Carl,Hergenrother
225,254,Pete,Kozich
226,257,Paul,Martsching
227,292,Paul,Craft
228,348,Tibor,Csorgei
229,352,Francisco,Ocana
230,366,Stefan,Schmeissner
231,399,Howard,Edin
232,400,William,Godley
233,418,Terrence,Ross
234,426,Lovro,Pavletic
235,446,Teodora,Savic
236,474,Kai,Unknown
237,486,Anna,Levin
238,504,Paul,Zeller
239,532,Michel,Deconinck
240,565,Quanzhi,Ye
241,575,Tim,Polfliet
242,832,Michal,Bares
243,965,Milesa,Blagojevic
244,1148,Yi,Cao
245,1187,Jakub,Cerny
246,1323,Ilie,Cosovanu
247,1610,Jozef,Drga
248,1651,Jaroslaw,Dygos
249,1770,Lukas,Ferkl
250,1831,Ondrej,Fremunt
251,1839,Martin,Fuchs
252,1956,Maria,Gimova
253,2127,Pavol,Habuda
254,2191,Jan,Hattenbach
255,2293,Lumir,Honzik
256,2328,Lukas,Hreha
257,3217,Hartwig,Luthen
258,3534,Jiri,Minar
259,3583,Jan,Mocek
260,3764,Martin,Nedved
261,3986,Jaroslav,Pastorek
262,4106,Blanka,Pickova
263,4107,Irena,Pickova
264,4424,Bohus,Rosko
265,4425,Boris,Rosko
266,4858,Jaroslav,Stas
267,4870,Radovan,Stas
268,4932,Magda,Streicher
269,4982,Jiri,Svoboda
270,4988,David,Swann
271,5125,Miroslav,Tirpak
272,5407,Jan,Verfl
273,5453,Martin,Vincencik
274,6269,Igor,Parnahaj
275,6429,Vladimir,Obradovic
276,6634,Oliver,Toskovic
277,6670,Jakub,Kazimir
278,6675,Boris,Pankovcin
279,6700,Jemma,Marsh
280,6750,Matus,Tichy
281,6758,Stefan,Jackovic
282,6762,Ludovit,Popik
283,6787,Alexandru,Tehanciuc
284,6848,Stefan,Puci
285,6884,Lukas,Winkler
286,6887,David,Prudek
287,6890,Jiri,Polak
288,6892,Matej,Otys
289,6893,Ondrej,Trnka
290,6899,Tomas,Pekarek
291,6900,Tomas,Nejdl
292,6901,Roman,Cecil
293,7045,Martin,Tran
294,7047,Dita,Vetrovcova
295,7049,Jiri,Pribek
296,7107,Zdenek,Komarek
297,7115,Mykhailo,Chubarets
298,7119,Ivan,Stankovic
299,7121,Tomasz,Adam
300,7131,Steve,Brown
301,7134,Greet,Lembregts
302,7143,Dragan,Micic
303,7154,Christoph,Gerber
304,7168,Alexandre,Amorim
305,7178,Vaclav,Kalas
306,7205,Pierre,Bader
307,7207,Kai,Schultze
308,7210,Costantino,Sigismondi
309,7220,Frederic,Merlin
310,7229,Filipp,Romanov
311,7236,Ana,Nikolic
312,7237,Branislav,Savic
313,7241,Sabine,Wachter
314,7243,David,Buzgo
315,7248,Rushikesh,Tilak
316,7274,Sasha,Prokofyev
317,7279,Sneha,Kulkarni
318,7281,Sonal,Thorve
319,7283,Katie,Demetriou
320,7286,Sara,Knezevic
321,7289,Pedro,Perez
322,7295,Mayuresh,Prabhune
323,7312,Istvan,Matis
324,7315,Bruce,Mccurdy
325,7322,Frank,Wachter
326,7332,Jiri,Konecny
327,7344,John,Drummond
328,7374,George,Troullias
329,7413,Karoly,Jonas
330,7415,Jan,Sadiv
331,7425,Kazem,Kookaram
332,7427,Jakub,Jambrich
333,7428,Filip,Murcinko
334,7429,Martin,Misko
335,7430,Matus,Klimko
336,7431,Jaroslav,Petrisko
337,7435,Arash,Nabizadeh
338,7442,Gabriel,Hickel
339,7448,Gleici,Kelly
340,7466,Glenn,Hughes
341,7472,Gang,Li
342,7519,Janko,Richter
343,7534,Desislava,Kalaidjieva
344,7568,Vlad,Shelin
345,7574,Gerardo,Jimenez
346,7581,Kolyo,Dankov
347,7591,Maciej,Kwinta
348,7600,Snezana,Todorovic
349,7609,Julie,Dostalova
350,7613,Katerina,Krumpholcova
351,7621,Hanjie,Tan
352,7626,Prabhakaran,Unknown
353,7627,Ljubomir,Brankovic
354,7631,Konstantin,Morozov
355,7633,Oleksandr,Maidyk
356,7634,Peter,Miklos
357,7641,Mohammad,Nilforoushan
358,7697,Reza,Ensandoost
359,7706,Oliver,Wusk
360,7708,Alexandru,Vatamanu
361,7710,Martin,Balaz
362,7726,Peter,Van
363,7755,Vladimir,Nikolic
364,7762,Sergey,Stariy
365,7765,Sofia,Dimitrieva
366,7779,Ivaylo,Belchev
367,7783,Polina,Dimitrieva
368,7805,Jose,Pablo
369,7811,Mina,Alizadeh
370,7834,Ole,Lit
371,7836,Ella,Ratz
372,7838,Dmitry,Dubishkin
373,7839,Sara,Brkovic
374,7842,Tamara,Tchenak
375,7854,Hansub,Jung
376,7880,Yashodhan,Panse
377,7912,Tomas,Toma
378,7935,Omri,Katz
379,7937,Craig,Ben
380,7956,Adam,Marsh
381,7957,Ken,Marsh
382,7964,Robin,Hegenbarth
383,7966,Bhavesh,Rajpoot
384,7976,Hendrik,Vandenbruaene
385,7978,Artyom,Novichonok
386,7983,Lazar,Popovic
387,7994,Shlomi,Eini
388,8001,Valentin,Diaz
389,8013,Istvan,Tepliczky
390,8017,Eldar,Noy
391,8022,Pierre,Martin
392,8033,Ariel,Westfried
393,8035,Wesley,Stone
394,8052,Joel,Weatherly
395,8055,Ido,Braun
396,8058,Family,Marsh
397,8075,Michael,Linnolt
398,8171,Frank,Enzlein
399,8193,Larry,Black
400,8297,Lucas,Camargo
401,8322,Thomas,Daniels
402,8333,Rafael,Neumann
403,8336,Daniel,Kadner
404,8337,Lukas,Krejzlik
405,8338,Anna,Wrnatova
406,8340,Tobias,Pudl
407,8343,Frantisek,Sestak
408,8344,Josef,Vyhnalek
409,8351,Masa,Bogojevic
410,8352,Teodora,Sreckovic
411,8353,Rada,Burmazovic
412,8354,Isidora,Milivojevic
413,8356,Paul,Gray
414,8357,Jean-christophe,Lernould
415,8365,Mikulas,Lazar
416,8366,Csilla,Tepliczky
417,8377,Katarina,Ninkovic
418,8389,Torsten,Hansen
419,8396,Cosovanu,Ilie
420,8397,Eduard,Lungu
421,8402,Fabrizio,Melandri
422,8406,Stephen,Riley
423,8411,Iurascu,Teodor
424,8415,Milada,Halaskova
425,8418,Wei,Shi
426,8420,Ivana,Liskova
427,8423,Augusto,Cesar
428,8436,Shai,Mizrachi
429,8437,Iglika,Genova
430,8441,Dalida,Rittossa
431,8460,Beata,Leskova
432,8466,Stariy,Nicolay
433,8468,Elitsa,Ilieva
434,8474,Ben,Sharp
435,8897,Marcela,Vaclavikova
436,9928,Rastislav,Petrisko
437,9938,Jonas,Plum
438,9941,Garry,Dymond
439,9945,Hynek,Krejzlik
440,11438,Robert,Liska
441,11441,Denis,Reichel
442,11443,Eva,Liskova
443,11445,Filip,Halaska
444,11446,Vladimir,Krejci
445,11447,Radek,Drlik
446,11448,Stepan,Ptacnik
447,11449,Katerina,Unknown
448,11452,Jaroslav,Navratil
449,11472,Michaela,Trundova
450,11476,Francois,Pineau
451,11491,Alexandra,Chobanova
452,11496,Simon,Drlik
453,11535,Sachin,Bahmba
454,11541,Martin,Vyhnalek
455,11542,Martina,Vyhnalkova
456,11553,Roman,Kostenko
457,11566,Sina,Rezaei
458,11569,Fengwu,Sun
459,11583,Jan,Lembregts
460,11586,Patrick,Wullaert
461,11593,Alex,Scholten
462,11614,Martin,Davies
463,11678,Riziele,Correa
464,11707,Vladimir,Bahyl
465,11713,Shane,Majoros
466,11798,Valentin,Radlo
467,11814,Vesna,Slavkovic
468,11819,Demetri,Alexandrou
469,11824,Dmitry,Dubishkin
470,11836,Matthias,Growe
471,11839,Gade,Chang
472,11856,Roger,Jimenez
473,11867,Arno,Ceulemans
474,11868,Milesa,Blagojevic
475,11869,Tara,Petricic
476,11870,Marina,Vracaric
477,11871,Elena,Vlaskovic
478,11872,Jovana,Tasovac
479,11873,Masa,Nadalin
480,11874,Nemanja,Vojnov
481,11875,Nada,Markov
482,11876,Lana,Vukmirovic
483,11877,Andela,Bankovic
484,11878,Katarina,Unknown
485,11886,Marthe,D'hooghe
486,11887,Olivia,Haviland
487,11889,Sylvain,Pingot
488,11892,Angelina,Stefanovic
489,11894,Aleksija,Milosevic
490,11895,Vesna,Milosevic
491,11896,Filip,Miljevic
492,11897,Anastasia,Anticevic
493,11898,Dusan,Bettonvil
494,11901,Haiyang,Fu
495,11902,Peinado,Cedric
496,11903,Aenoaei,Eduard
497,11905,Natalija,Niketic
498,11912,Alina,Frolova
499,11914,Arjen,Backeljauw
500,11915,Joshua,Van
501,11917,Vyara,Simeonova
502,11925,Mark,Kidger
503,11927,Yara,Roelen
504,11929,Uros,Bettonvil
505,11945,Safiria,Rittossa
506,11948,Nelly,Ilieva
507,11950,Pavel,Kadner
508,11951,Jana,Pudlova
509,11955,Mihail,Bankov
510,11978,Olivier,Dechambre
511,12029,Ian,Grech
512,12091,Prabhanjan,Kulkarni
513,12093,Daniel,Unknown
514,12094,Jan,Hattenbach
515,12097,Kamil,Hornoch
516,12140,Janos,Fekete
517,12145,Aditya,Pandya
518,12229,Jaroslav,Gerbos
519,12272,Taipei,Astronomical
520,12407,Dominik,Unknown
521,12409,Marc,Casoli
522,12413,Stephen,Stumpf
523,12419,Sven-erik,Enno
524,12423,Shivam,Upadhyay
525,12698,Arbeitskreis,Meteore
526,12761,Stephane,Ayuso
527,12772,Natalija,Brankovic
528,12773,Marijana,Fable
529,12774,Lea,Bartolic
530,12775,Laura,Floricic
531,12776,Jona,Doring
532,12801,Samuel,Tomcik
533,12802,Nahid,Haveshki
534,12803,Ashwin,Kumar
535,12815,Bogdan,Sanocki
536,12816,Jose,Carlos
537,12817,Karen,Rennie
538,12822,Terry,Gao
539,12827,Hannah,Roovers
540,12829,Vera,Peckova
541,12830,Blanka,Svetlikova
542,12833,Konstantin,Stoychev
543,12840,Ljubica,Grasic
544,12852,Alan,Webb
545,12862,Lena,Boulanger
546,12879,Remi,Boucher
547,12890,Nadav,Rotenberg
548,12947,Drahomira,Navratilova
549,12986,Josef,Pecek
550,13021,Oscar,Martin
551,13108,Laszlo,Kotel
552,13178,Austin,Uhler
553,13184,Mostafa,Zeinodini
554,13185,Unknown,Unknown
555,13188,Dhanraj,Risbud
556,13193,Calum,Young
557,13202,Mark,Adams
558,13327,Dmitry,Gavriljuk
559,13358,Wei,Xiaofan
560,13365,Wenjie,Bao
561,13383,Jiarui,Xiong
562,13396,Pedro,Perez
563,13451,Andreas,Livbom
564,13917,Klara,Horakova
565,14177,Jana,Thys
566,14180,Leonidas,Constantinou
567,14216,Charlotte,Benoit
568,14252,Jinghang,Xue
569,14262,Jakub,Cerny
570,14275,Anat,Rubinstein
571,14276,Gabriel,Malchirand
572,14287,Veikko,Makela
573,14288,Janko,Vasilijevic
574,14294,Antal,Igaz
575,14295,Petra,Strunk
576,14303,Ester,Shteinberg
577,14310,Nikol,Jordanova
578,14330,Monia,Chemais
579,14339,Jean-marie,Bolle
580,14342,Homer,Davila
581,14368,Jan,Wagner
582,14382,Marie,Dostalova
583,14388,Unknown,Unknown
584,14393,Miloslav,Machacek
585,14394,Jens,Lacorne
586,14425,Martin,Halaska
587,14431,Robert,Little
588,14546,Liv,Sivet
589,14864,Philippe,Gilberton
590,14883,Steve,Thibout
591,14898,Amelie,Unknown
592,14900,Ding,Yuanxiang
593,14904,Gregory,Brannon
594,14908,Astro,Unknown
595,14916,Tejas,More
596,14976,Victor,Chen
597,14984,Or,Prepelizki
598,14998,Amir,Gur
599,15392,Alberto,Anunziato
600,15418,Daniel,Alcazar
601,15431,Aldo,Nicolas
602,15537,Marco,Micheli
603,15539,Robert,Harris
604,15540,Bohdan,Holubenko
605,15541,Russell,Milton
606,15549,Edward,Murphy
607,15561,Basil,Nikolau
608,15688,Svitlana,Skorohod
609,15691,Yi,Cao
610,15757,Jitka,Mikulkova
611,15800,Alexey,Berezhnoy
612,15812,Barbara,De
613,15841,Ana-maria,Darakchieva
614,15843,Robbe,De
615,15860,Claude,Porchel
616,15881,Ariadna,Rivero
617,15959,Ladislav,Cervenak
618,15987,Sorin,Ion
619,16852,Andrew,Peel
620,16892,Danila,Kudryavzev
621,16921,Kevin,Borrot
622,16988,Giancarlo,Gotta
623,16994,Kelly,Bishop
624,17037,Pratap,Nikam
625,17095,Ohad,Aminia
626,17113,Kieran,Hue
627,17301,Krystof,Kouril
628,17303,David,Mudrak
629,17304,Jakub,Sabela
630,17305,Nora,Drlikova
631,17310,Vojtech,Snasel
632,17394,Jacques,Proust
633,17452,Dino,Grzinic
634,17461,William,Sager
635,17462,Peiyuan,Sun
636,17464,Weiyi,Yu
637,17467,Johanna,Arguelles
638,17476,Elin,Putzeys
639,17488,Fran,Campos
640,17490,Mika,David
641,17491,Irena,Unknown
642,17493,Cp,Dong
643,17496,Yaser,Soleimani
644,17505,Jose,Vicente
645,17507,Sarina,Mohammadi
646,17509,Gemini,Unknown
647,17510,Mahsa,Akbari
648,17511,Narges,Payami
649,17513,Vanesa,Kalinkova
650,17514,Maria,Dal
651,17520,Lev,Vladimirovich
652,17523,Priit,Rifk
653,17526,Juraj,Stefina
654,17528,Jan,Istvanik
655,17529,Martina,Istvanikova
656,17534,Radim,Volek
657,17536,Vratko,Kapus
658,17537,Stanislava,Simova
659,17538,Marian,Unknown
660,17540,Marian,Kresan
661,17543,Ivo,Micek
662,17544,Nikoleta,Martinakova
663,17545,Matus,Tichy
664,17546,Simon,Janovec
665,17547,Patrik,Hrobarik
666,17548,Jaroslav,Pastorek
667,17549,Adam,Martis
668,17550,Peter,Martis
669,17552,Siebe,Van
670,17560,Adrian,Recicar
671,17587,Volodymyr,Vitchenko
672,17648,Matyas,Mikula
673,17719,Vincent,Despierres
674,17736,Yves,Robin
675,17745,Thierry,Gonnord
676,17826,Philippe,Bouvier
677,17827,Richard,Dekker
678,17836,Serge,Paupy
679,17845,Jean-marie,Bourgoise
680,17852,Nitzan,Granot
681,17854,Perbet,Ludovic
682,17865,Winston,Lee
683,17870,Aurelien,Martin
684,17876,Christian,Reydet
685,17887,Scott,Lancelle
686,17927,Andri,Constantinou
687,18153,Barbora,Unknown
688,18157,Jana,Metlikova
689,18174,Linda,Svancarova
690,18534,Cheng-yi,Hsu
691,18539,Kacper,Sledz
692,18592,Igor,Parnahaj
693,18598,Lex,Van
694,18599,Korneel,Dejonghe
695,18604,Haorui,Wang
696,18619,Unknown,Unknown
697,18627,Irit,Unknown
698,18631,Tal,Dagan
699,18632,Ann,Shesterikova
700,18634,Enora,Bureau
701,18647,Aude,G.
702,18657,Mario,Zarsky
703,18658,Jana,Krajciova
704,18662,Adeline,De
705,18672,Sandra,Cvirikova
706,18679,Natalie,Kourilova
707,18680,Jan,Stefina
708,18684,Martin,Tichy
709,18708,Hasret,Balcioglu
710,18724,Tadeas,Smicka
711,18817,Hanka,Partelova
712,18830,Mohammed,Unknown
713,18832,Laurent,Unknown
714,18850,Hugues,Monin
715,18925,David,Teissier
716,19013,Noa,Ginzburg
717,19228,Miroslav,Cermak
718,19229,Miriam,Cermakova
719,20375,Denis,Unknown
720,20382,Denis,Unknown
721,20401,Celia,Toulouse
722,20415,Snezana,Todorovic
723,20436,Unknown,Unknown
724,20500,Alexander,Fritz
725,20511,Kasper,De
726,20568,Colin,Begg
727,20578,Sylva,Slabihoukova
728,20841,Mikulas,Pik
729,21008,Radu,Gabriel
730,21009,Anamaria,Ursu
731,21010,Matei,Alexandru
732,21011,Bogdan,Simionescu
733,21012,Mara-ioana,Unknown
734,21058,Dennis,K
