Session ID,temperature_2m,relative_humidity_2m,apparent_temperature,precipitation,rain,snowfall,weather_code,cloud_cover,cloud_cover_low,cloud_cover_mid,cloud_cover_high
86490,8.65,87.85739,4.8102293,0.0,0.0,0.0,0.0,13.0,5.0,8.0,1.0
86491,8.4045,89.972404,4.744766,1.0,1.0,0.0,55.0,100.0,53.0,92.0,100.0
86492,6.0485,87.005646,2.3057518,0.0,0.0,0.0,0.0,0.0,0.0,0.0,0.0
86493,7.002,89.55397,3.8943787,0.2,0.2,0.0,51.0,77.0,69.0,47.0,6.0
86494,9.921,84.44871,7.041807,0.0,0.0,0.0,0.0,14.0,10.0,8.0,0.0
86495,6.9954996,89.55345,3.8864727,0.2,0.2,0.0,51.0,77.0,69.0,47.0,6.0
86496,5.674,93.283455,3.4375381,0.0,0.0,0.0,0.0,0.0,0.0,0.0,0.0
86497,9.078,70.90916,5.28533,0.0,0.0,0.0,3.0,86.0,2.0,51.0,85.0
86499,-5.533,84.81005,-9.608471,0.0,0.0,0.0,0.0,0.0,0.0,0.0,0.0
86500,1.914,77.040596,-3.646267,0.0,0.0,0.0,0.0,0.0,0.0,0.0,0.0
86505,-6.2685,80.21814,-12.398443,0.0,0.0,0.0,2.0,77.0,77.0,0.0,0.0
86506,-13.518499,82.78585,-18.708649,0.0,0.0,0.0,0.0,5.0,5.0,0.0,0.0
86507,9.649,41.07998,6.5239315,0.0,0.0,0.0,0.0,0.0,0.0,0.0,0.0
86510,15.984501,89.940735,17.190979,0.0,0.0,0.0,1.0,29.0,29.0,0.0,0.0
86511,-2.711,70.895775,-8.474995,0.0,0.0,0.0,2.0,65.0,65.0,0.0,0.0
86512,-7.0455,73.419525,-11.878473,0.0,0.0,0.0,0.0,0.0,0.0,0.0,0.0
86513,-4.1454997,62.017334,-10.188885,0.0,0.0,0.0,1.0,23.0,23.0,0.0,0.0
86514,-6.5455,72.93593,-11.559385,0.0,0.0,0.0,0.0,0.0,0.0,0.0,0.0
86515,-8.6455,75.49981,-13.206286,0.0,0.0,0.0,0.0,0.0,0.0,0.0,0.0
86516,-14.047999,58.40056,-18.797024,0.0,0.0,0.0,0.0,0.0,0.0,0.0,0.0
86517,-7.4025,64.50079,-12.6724,0.0,0.0,0.0,0.0,0.0,0.0,0.0,0.0
86518,-7.8025002,79.353485,-12.396024,0.0,0.0,0.0,0.0,0.0,0.0,0.0,0.0
86519,-3.8415,72.61048,-10.118157,0.0,0.0,0.0,0.0,0.0,0.0,0.0,0.0
86520,-5.011,54.35174,-11.14653,0.0,0.0,0.0,0.0,0.0,0.0,0.0,0.0
86521,-5.2915,67.370346,-10.150522,0.0,0.0,0.0,0.0,0.0,0.0,0.0,0.0
86522,-7.9,87.57589,-12.157902,0.0,0.0,0.0,0.0,0.0,0.0,0.0,0.0
86524,-1.133,85.63588,-4.800514,0.0,0.0,0.0,0.0,0.0,0.0,0.0,0.0
86525,-7.5955,66.84327,-12.2544985,0.0,0.0,0.0,0.0,0.0,0.0,0.0,0.0
86526,-6.3954997,79.572716,-10.531541,0.0,0.0,0.0,0.0,0.0,0.0,0.0,0.0
86528,-4.1,86.94567,-8.46423,0.0,0.0,0.0,0.0,0.0,0.0,0.0,0.0
86529,-3.0455,87.0528,-7.5506935,0.0,0.0,0.0,0.0,4.0,0.0,4.0,0.0
86530,-3.0609999,87.380585,-7.154086,0.0,0.0,0.0,2.0,52.0,5.0,0.0,49.0
86531,-3.8,87.97301,-8.520195,0.0,0.0,0.0,0.0,2.0,2.0,0.0,0.0
86532,-3.6955001,87.64977,-8.54825,0.0,0.0,0.0,0.0,3.0,3.0,0.0,0.0
86533,7.014,42.007877,2.2553215,0.0,0.0,0.0,0.0,0.0,0.0,0.0,0.0
86543,4.2,93.535515,0.6888299,0.0,0.0,0.0,0.0,7.0,7.0,0.0,0.0
86544,3.8,78.4766,0.38300467,0.0,0.0,0.0,3.0,100.0,0.0,100.0,99.0
86560,-19.9185,76.97788,-24.70526,0.0,0.0,0.0,0.0,12.0,0.0,0.0,12.0
86561,-6.8685,67.28009,-13.692094,0.0,0.0,0.0,0.0,0.0,0.0,0.0,0.0
86562,15.7715,76.10775,13.982574,0.0,0.0,0.0,1.0,49.0,24.0,1.0,32.0
86563,13.0715,89.13031,12.58592,0.0,0.0,0.0,0.0,2.0,1.0,1.0,0.0
86564,15.6414995,60.57827,12.967543,0.4,0.4,0.0,51.0,59.0,38.0,46.0,3.0
86569,-2.9685001,95.271324,-6.4216413,0.0,0.0,0.0,3.0,100.0,100.0,0.0,0.0
86570,-1.3185,83.7182,-7.1574345,0.0,0.0,0.0,0.0,7.0,0.0,0.0,7.0
86571,-0.56850004,88.927444,-7.21795,0.0,0.0,0.0,3.0,80.0,0.0,0.0,80.0
86573,1.05,88.4192,-2.102085,0.0,0.0,0.0,3.0,100.0,0.0,0.0,100.0
86574,5.0835,87.52742,2.5167542,0.0,0.0,0.0,0.0,2.0,0.0,0.0,2.0
86575,1.971,88.50119,-1.772018,0.0,0.0,0.0,0.0,0.0,0.0,0.0,0.0
86576,3.0975,93.81287,0.37119675,0.0,0.0,0.0,0.0,0.0,0.0,0.0,0.0
86577,1.0,90.04003,-2.2758474,0.0,0.0,0.0,0.0,16.0,16.0,0.0,0.0
86578,0.3,84.5379,-3.4279814,0.0,0.0,0.0,0.0,0.0,0.0,0.0,0.0
86579,3.9,66.37397,-1.0260875,0.0,0.0,0.0,0.0,0.0,0.0,0.0,0.0
86580,1.7335,79.018616,-2.2626576,0.0,0.0,0.0,0.0,0.0,0.0,0.0,0.0
86581,0.4475,77.36991,-3.4264436,0.0,0.0,0.0,0.0,0.0,0.0,0.0,0.0
86582,1.85,83.18888,-2.4817681,0.0,0.0,0.0,0.0,0.0,0.0,0.0,0.0
86599,4.2045,92.22296,0.89207506,0.0,0.0,0.0,0.0,0.0,0.0,0.0,0.0
86601,8.2545,88.732834,5.8963842,0.0,0.0,0.0,0.0,1.0,0.0,0.0,0.0
86602,-0.254,75.2548,-4.4569473,0.0,0.0,0.0,0.0,0.0,0.0,0.0,0.0
86604,2.796,75.78842,-2.3899722,0.0,0.0,0.0,0.0,11.0,11.0,0.0,0.0
86616,6.046,80.515144,1.6732111,0.0,0.0,0.0,0.0,2.0,1.0,0.0,1.0
86617,7.7545004,78.25171,4.7731924,0.0,0.0,0.0,2.0,68.0,0.0,4.0,68.0
86648,3.2,97.20923,0.5502801,0.0,0.0,0.0,0.0,1.0,1.0,0.0,0.0
86649,11.564,18.144512,6.599699,0.0,0.0,0.0,0.0,4.0,0.0,0.0,4.0
86650,12.014,66.493904,7.8803062,0.0,0.0,0.0,0.0,2.0,0.0,2.0,0.0
86651,-0.55,90.25061,-4.071563,0.0,0.0,0.0,1.0,39.0,0.0,0.0,38.0
86652,8.4545,93.42647,6.138838,0.0,0.0,0.0,3.0,100.0,0.0,60.0,100.0
86668,4.054,98.259575,1.3057156,0.0,0.0,0.0,0.0,0.0,0.0,0.0,0.0
86669,6.6539993,22.544128,2.7009702,0.0,0.0,0.0,1.0,38.0,0.0,0.0,38.0
86670,3.362,92.17171,0.2743349,0.0,0.0,0.0,2.0,75.0,43.0,54.0,21.0
86671,7.782,76.8959,4.462804,0.0,0.0,0.0,1.0,25.0,22.0,4.0,2.0
86672,9.104,37.677925,5.4705057,0.0,0.0,0.0,0.0,0.0,0.0,0.0,0.0
86673,8.4635,86.63987,5.259426,0.0,0.0,0.0,1.0,22.0,22.0,1.0,0.0
86674,8.455,83.12359,6.036027,0.0,0.0,0.0,1.0,31.0,31.0,0.0,0.0
86675,8.104,60.882763,5.4573,0.0,0.0,0.0,3.0,100.0,0.0,20.0,100.0
86676,-0.49600005,100.0,-4.377633,0.0,0.0,0.0,3.0,86.0,86.0,0.0,0.0
86677,1.9539998,77.330864,-1.7431483,0.0,0.0,0.0,0.0,2.0,2.0,0.0,0.0
86679,7.45,85.04816,5.285881,0.0,0.0,0.0,0.0,2.0,2.0,0.0,0.0
86680,9.5975,77.18796,8.448004,0.0,0.0,0.0,0.0,0.0,0.0,0.0,0.0
86681,8.2699995,72.0094,2.3853145,0.0,0.0,0.0,1.0,28.0,13.0,13.0,6.0
86682,6.9445,70.23713,0.63509417,0.0,0.0,0.0,0.0,18.0,9.0,14.0,0.0
86695,6.821,87.995735,4.705059,0.0,0.0,0.0,0.0,0.0,0.0,0.0,0.0
86707,0.25,68.33382,-4.4648476,0.0,0.0,0.0,0.0,0.0,0.0,0.0,0.0
86708,-1.3330001,86.899864,-5.143814,0.0,0.0,0.0,0.0,1.0,1.0,1.0,0.0
86709,-0.5155,85.70375,-3.8664048,0.0,0.0,0.0,0.0,0.0,0.0,0.0,0.0
86710,-0.5155,85.70375,-3.8664048,0.0,0.0,0.0,0.0,0.0,0.0,0.0,0.0
86711,-0.5155,85.70375,-3.8664048,0.0,0.0,0.0,0.0,0.0,0.0,0.0,0.0
86712,-0.5155,85.70375,-3.8664048,0.0,0.0,0.0,0.0,0.0,0.0,0.0,0.0
86713,-0.5155,85.70375,-3.8664048,0.0,0.0,0.0,0.0,0.0,0.0,0.0,0.0
86714,-0.509,85.70445,-3.8590584,0.0,0.0,0.0,0.0,0.0,0.0,0.0,0.0
86715,-0.5155,85.70375,-3.8664048,0.0,0.0,0.0,0.0,0.0,0.0,0.0,0.0
86716,9.6835,67.15735,6.921895,0.0,0.0,0.0,3.0,99.0,0.0,0.0,99.0
86719,-0.5155,85.70375,-3.8664048,0.0,0.0,0.0,0.0,0.0,0.0,0.0,0.0
86720,-0.5155,85.70375,-3.8664048,0.0,0.0,0.0,0.0,0.0,0.0,0.0,0.0
86721,-0.509,85.70445,-3.8590584,0.0,0.0,0.0,0.0,0.0,0.0,0.0,0.0
86722,-0.5155,85.70375,-3.8664048,0.0,0.0,0.0,0.0,0.0,0.0,0.0,0.0
86723,-0.5155,85.70375,-3.8664048,0.0,0.0,0.0,0.0,0.0,0.0,0.0,0.0
86724,12.554501,68.936134,9.941213,0.0,0.0,0.0,3.0,84.0,0.0,0.0,84.0
86725,2.0395,92.42226,-0.8099761,0.0,0.0,0.0,0.0,0.0,0.0,0.0,0.0
86726,6.989,88.62488,4.6892166,0.0,0.0,0.0,0.0,4.0,4.0,0.0,0.0
86728,15.95,58.427475,12.986252,0.0,0.0,0.0,1.0,43.0,0.0,0.0,43.0
86729,8.2545,73.802,5.3394403,0.0,0.0,0.0,0.0,17.0,5.0,1.0,11.0
86730,12.554501,68.936134,9.941213,0.0,0.0,0.0,3.0,84.0,0.0,0.0,84.0
86738,11.8775,59.87717,8.769016,0.0,0.0,0.0,0.0,0.0,0.0,0.0,0.0
86739,16.6095,75.99299,16.118168,0.0,0.0,0.0,0.0,0.0,0.0,0.0,0.0
86740,16.1095,84.576225,15.465717,0.0,0.0,0.0,0.0,1.0,1.0,0.0,0.0
86741,9.3705,82.66546,8.335496,0.0,0.0,0.0,1.0,20.0,20.0,0.0,0.0
86742,15.613999,99.680305,13.797462,0.0,0.0,0.0,3.0,100.0,100.0,0.0,11.0
86743,12.666,62.40681,10.223366,0.0,0.0,0.0,3.0,91.0,0.0,0.0,91.0
86744,12.666,62.40681,10.223366,0.0,0.0,0.0,3.0,91.0,0.0,0.0,91.0
86745,16.572498,73.52706,16.432629,0.0,0.0,0.0,0.0,0.0,0.0,0.0,0.0
86746,12.459499,74.29113,11.20308,0.0,0.0,0.0,0.0,0.0,0.0,0.0,0.0
86747,6.487,95.28539,4.988261,0.0,0.0,0.0,0.0,4.0,0.0,0.0,4.0
86748,13.416,61.724964,11.410135,0.0,0.0,0.0,0.0,0.0,0.0,0.0,0.0
86749,15.6825,71.92096,15.430584,0.0,0.0,0.0,0.0,0.0,0.0,0.0,0.0
86750,13.596,78.33597,12.13813,0.0,0.0,0.0,3.0,98.0,0.0,0.0,98.0
86751,17.846,50.059048,14.35803,0.0,0.0,0.0,3.0,85.0,0.0,0.0,85.0
86752,16.546,57.394,12.645,0.0,0.0,0.0,0.0,11.0,0.0,0.0,11.0
86753,17.1595,40.764465,15.562452,0.0,0.0,0.0,0.0,0.0,0.0,0.0,0.0
86754,14.2325,80.278915,13.971714,0.0,0.0,0.0,0.0,0.0,0.0,0.0,0.0
86755,22.7735,94.672386,25.537636,0.0,0.0,0.0,0.0,12.0,12.0,0.0,0.0
86757,11.804501,76.22834,9.727583,0.0,0.0,0.0,3.0,100.0,0.0,4.0,100.0
86758,23.0,55.990166,23.837355,0.0,0.0,0.0,0.0,8.0,0.0,0.0,8.0
86759,13.4545,65.89524,10.844893,0.0,0.0,0.0,0.0,0.0,0.0,0.0,0.0
86760,15.964,98.73006,14.833902,0.0,0.0,0.0,3.0,100.0,100.0,0.0,0.0
86761,3.5705,83.70354,1.3339443,0.0,0.0,0.0,0.0,5.0,0.0,0.0,5.0
86762,13.709499,45.897278,10.87779,0.0,0.0,0.0,0.0,0.0,0.0,0.0,0.0
86763,21.723501,97.88118,24.159872,0.0,0.0,0.0,3.0,100.0,100.0,0.0,0.0
86764,13.574,72.74638,12.946548,0.0,0.0,0.0,0.0,0.0,0.0,0.0,0.0
86767,16.914001,15.95835,12.26745,0.0,0.0,0.0,2.0,66.0,0.0,0.0,66.0
86768,14.117,76.34694,13.007076,0.0,0.0,0.0,1.0,40.0,0.0,0.0,40.0
86769,13.409499,65.436,11.573441,0.0,0.0,0.0,0.0,0.0,0.0,0.0,0.0
86770,23.823502,88.314995,25.665741,0.0,0.0,0.0,3.0,97.0,0.0,0.0,97.0
86771,18.114,17.480139,13.70706,0.0,0.0,0.0,0.0,0.0,0.0,0.0,0.0
86772,10.66,50.37743,7.0688705,0.0,0.0,0.0,0.0,0.0,0.0,0.0,0.0
86773,9.26,73.468056,6.559615,0.0,0.0,0.0,0.0,0.0,0.0,0.0,0.0
86774,11.610001,84.07002,10.161669,0.0,0.0,0.0,0.0,0.0,0.0,0.0,0.0
86775,8.76,48.762196,4.185463,0.0,0.0,0.0,0.0,0.0,0.0,0.0,0.0
86776,4.66,44.25769,0.5466509,0.0,0.0,0.0,0.0,0.0,0.0,0.0,0.0
86777,19.814001,14.440322,14.986933,0.0,0.0,0.0,0.0,0.0,0.0,0.0,0.0
86778,12.804501,73.59865,10.73793,0.0,0.0,0.0,3.0,100.0,0.0,0.0,100.0
86779,11.5045,61.271114,8.852319,0.0,0.0,0.0,0.0,1.0,0.0,1.0,0.0
86780,12.959499,55.897102,10.528672,0.0,0.0,0.0,0.0,0.0,0.0,0.0,0.0
86781,8.566,74.89986,5.64256,0.0,0.0,0.0,0.0,0.0,0.0,0.0,0.0
86782,10.866,72.747154,9.104506,0.0,0.0,0.0,0.0,0.0,0.0,0.0,0.0
86784,16.614,61.014465,13.385056,0.0,0.0,0.0,1.0,38.0,5.0,7.0,34.0
86785,9.717,97.677376,8.485258,0.0,0.0,0.0,0.0,2.0,1.0,1.0,0.0
86786,13.15,79.32692,11.639221,0.0,0.0,0.0,3.0,100.0,100.0,1.0,1.0
86787,13.75,47.06499,9.828179,0.0,0.0,0.0,0.0,0.0,0.0,0.0,0.0
86788,9.5975,77.45535,7.401971,0.0,0.0,0.0,0.0,13.0,1.0,13.0,0.0
86789,12.747499,66.65137,10.21176,0.0,0.0,0.0,0.0,0.0,0.0,0.0,0.0
86790,12.9545,77.45307,11.05418,0.0,0.0,0.0,1.0,20.0,15.0,3.0,5.0
86791,14.1545,55.816185,10.928631,0.0,0.0,0.0,0.0,0.0,0.0,0.0,0.0
86792,14.5,47.778915,10.888506,0.0,0.0,0.0,0.0,0.0,0.0,0.0,0.0
86793,15.795,57.20598,13.230074,0.0,0.0,0.0,0.0,0.0,0.0,0.0,0.0
86794,14.3949995,68.14535,13.341785,0.0,0.0,0.0,0.0,1.0,0.0,0.0,1.0
86795,15.1,47.778885,11.634812,0.0,0.0,0.0,0.0,0.0,0.0,0.0,0.0
86796,14.6255,81.67292,13.521996,0.0,0.0,0.0,2.0,50.0,0.0,0.0,50.0
86797,14.5045,50.540924,11.154405,0.0,0.0,0.0,0.0,0.0,0.0,0.0,0.0
86798,14.8545,52.067646,11.723147,0.0,0.0,0.0,0.0,0.0,0.0,0.0,0.0
86799,16.439,85.16322,15.638107,0.0,0.0,0.0,0.0,0.0,0.0,0.0,0.0
86800,10.816999,73.49446,9.35314,0.0,0.0,0.0,0.0,0.0,0.0,0.0,0.0
86801,6.2795,92.66873,3.783515,0.0,0.0,0.0,1.0,24.0,7.0,0.0,18.0
86802,11.452999,89.59767,10.496609,0.0,0.0,0.0,0.0,0.0,0.0,0.0,0.0
86803,13.7045,80.74253,12.728594,0.0,0.0,0.0,0.0,1.0,0.0,1.0,0.0
86804,8.4869995,87.24058,6.4713764,0.0,0.0,0.0,0.0,1.0,0.0,0.0,1.0
86805,13.7045,80.74253,12.728594,0.0,0.0,0.0,0.0,1.0,0.0,1.0,0.0
86806,15.3545,90.186554,15.408573,0.6,0.6,0.0,53.0,95.0,0.0,81.0,90.0
86807,14.6,77.96614,13.71892,0.0,0.0,0.0,0.0,0.0,0.0,0.0,0.0
86808,14.2235,87.48127,13.375057,0.0,0.0,0.0,1.0,46.0,45.0,0.0,2.0
86809,14.804501,77.99714,13.714928,0.0,0.0,0.0,0.0,1.0,0.0,1.0,0.0
86810,16.973501,95.04264,16.876566,0.0,0.0,0.0,2.0,56.0,56.0,0.0,0.0
86811,16.223501,95.932365,16.646288,0.0,0.0,0.0,3.0,89.0,80.0,0.0,42.0
86812,11.55,72.37427,9.344915,0.0,0.0,0.0,0.0,1.0,0.0,1.0,0.0
86813,15.174,81.2071,14.784178,0.0,0.0,0.0,3.0,88.0,1.0,88.0,0.0
86814,13.4675,77.27304,12.393776,0.0,0.0,0.0,1.0,21.0,2.0,21.0,0.0
86815,12.990001,69.7344,11.323282,0.0,0.0,0.0,0.0,11.0,0.0,0.0,11.0
86816,11.7,71.66076,8.947573,0.0,0.0,0.0,0.0,1.0,1.0,0.0,0.0
86817,11.6045,74.14146,8.845139,0.0,0.0,0.0,0.0,1.0,1.0,0.0,0.0
86818,9.804,70.55654,7.7825108,0.0,0.0,0.0,1.0,46.0,46.0,0.0,0.0
86819,7.2039995,70.79151,4.4547215,0.0,0.0,0.0,0.0,0.0,0.0,0.0,0.0
86820,7.0039997,89.55412,5.026537,0.0,0.0,0.0,2.0,67.0,67.0,0.0,0.0
86821,23.404501,64.80651,24.135376,0.0,0.0,0.0,0.0,5.0,2.0,5.0,0.0
86822,22.7545,75.52632,24.560886,0.0,0.0,0.0,0.0,2.0,0.0,1.0,1.0
86823,9.554,96.69244,8.988441,0.0,0.0,0.0,3.0,93.0,93.0,0.0,0.0
86824,19.5045,64.37989,19.427797,0.0,0.0,0.0,0.0,6.0,1.0,0.0,5.0
86825,12.354,86.72783,11.956406,0.0,0.0,0.0,1.0,30.0,30.0,0.0,0.0
86826,12.653999,80.599525,12.3371315,0.0,0.0,0.0,0.0,0.0,0.0,0.0,0.0
86827,14.8475,82.51375,13.973831,0.0,0.0,0.0,0.0,0.0,0.0,0.0,0.0
86828,12.2039995,82.45922,11.574097,0.0,0.0,0.0,0.0,0.0,0.0,0.0,0.0
86831,14.454,57.064335,13.169592,0.0,0.0,0.0,0.0,0.0,0.0,0.0,0.0
86832,14.454,35.865543,11.68669,0.0,0.0,0.0,0.0,0.0,0.0,0.0,0.0
86833,12.4539995,37.14502,9.386026,0.0,0.0,0.0,0.0,0.0,0.0,0.0,0.0
86834,14.653999,39.18222,12.221659,0.0,0.0,0.0,0.0,1.0,1.0,0.0,0.0
86835,14.004,30.043165,10.708326,0.0,0.0,0.0,0.0,0.0,0.0,0.0,0.0
86836,14.2975,84.37523,13.264727,0.0,0.0,0.0,0.0,4.0,1.0,2.0,0.0
86837,12.403999,41.137585,9.763614,0.0,0.0,0.0,0.0,0.0,0.0,0.0,0.0
86838,11.604,40.306694,8.360847,0.0,0.0,0.0,0.0,10.0,10.0,0.0,0.0
86839,12.304,46.48751,9.388062,0.0,0.0,0.0,0.0,0.0,0.0,0.0,0.0
86840,20.8835,79.64346,22.045559,0.0,0.0,0.0,0.0,4.0,0.0,4.0,0.0
86841,23.0745,75.814674,24.93664,0.0,0.0,0.0,1.0,22.0,0.0,2.0,21.0
86842,12.004,45.24531,9.676225,0.0,0.0,0.0,0.0,0.0,0.0,0.0,0.0
86843,23.6835,77.582375,26.651014,0.0,0.0,0.0,0.0,0.0,0.0,0.0,0.0
86844,23.904501,61.49709,24.159214,0.0,0.0,0.0,0.0,1.0,0.0,1.0,0.0
86845,4.4815,90.30506,0.569664,0.0,0.0,0.0,0.0,6.0,6.0,0.0,0.0
86846,2.8815,76.63838,-1.624243,0.0,0.0,0.0,0.0,0.0,0.0,0.0,0.0
86847,12.6835,84.47482,11.803316,0.0,0.0,0.0,1.0,30.0,0.0,30.0,0.0
86848,0.58149993,74.00961,-4.0947123,0.0,0.0,0.0,0.0,0.0,0.0,0.0,0.0
86849,4.4815,90.30506,0.569664,0.0,0.0,0.0,0.0,6.0,6.0,0.0,0.0
86850,-2.2685,76.62539,-6.43145,0.0,0.0,0.0,0.0,0.0,0.0,0.0,0.0
86851,-2.0185,65.77729,-6.307767,0.0,0.0,0.0,0.0,0.0,0.0,0.0,0.0
86852,15.761001,73.14068,14.387981,0.0,0.0,0.0,0.0,3.0,0.0,3.0,0.0
86853,18.7545,73.66758,18.512333,0.0,0.0,0.0,0.0,0.0,0.0,0.0,0.0
86854,16.8045,84.378746,16.811693,0.0,0.0,0.0,0.0,1.0,0.0,1.0,0.0
86855,18.4545,74.578064,18.528862,0.0,0.0,0.0,0.0,0.0,0.0,0.0,0.0
86856,14.1755,85.48291,14.025244,0.0,0.0,0.0,0.0,0.0,0.0,0.0,0.0
86857,9.698,87.35495,7.412903,0.0,0.0,0.0,0.0,0.0,0.0,0.0,0.0
86858,14.2895,86.05999,13.7843,0.0,0.0,0.0,0.0,3.0,0.0,3.0,0.0
86859,8.398,58.80212,2.974371,0.0,0.0,0.0,0.0,4.0,4.0,0.0,0.0
86860,14.95,81.44576,13.652369,0.0,0.0,0.0,0.0,0.0,0.0,0.0,0.0
86861,17.75,62.31186,15.903112,0.0,0.0,0.0,0.0,3.0,3.0,0.0,0.0
86862,6.348,62.012566,2.2777128,0.0,0.0,0.0,1.0,27.0,16.0,18.0,0.0
86863,16.15,82.9439,16.104792,0.0,0.0,0.0,0.0,0.0,0.0,0.0,0.0
86864,14.8585,63.559032,12.95236,0.0,0.0,0.0,0.0,0.0,0.0,0.0,0.0
86865,17.1045,73.86245,16.764301,0.0,0.0,0.0,0.0,0.0,0.0,0.0,0.0
86866,16.783499,66.60743,15.71797,0.0,0.0,0.0,0.0,1.0,1.0,0.0,0.0
86867,18.283499,75.03509,18.609465,0.0,0.0,0.0,0.0,0.0,0.0,0.0,0.0
86868,18.7,69.692955,17.912962,0.0,0.0,0.0,0.0,2.0,1.0,0.0,1.0
86869,21.1335,66.001686,21.995247,0.0,0.0,0.0,0.0,5.0,0.0,0.0,5.0
86870,15.875001,65.30918,13.95083,0.0,0.0,0.0,0.0,0.0,0.0,0.0,0.0
86871,18.275,69.8386,18.286242,0.0,0.0,0.0,0.0,0.0,0.0,0.0,0.0
86873,17.1045,73.86245,16.764301,0.0,0.0,0.0,0.0,0.0,0.0,0.0,0.0
86874,20.154501,70.42708,20.88614,0.0,0.0,0.0,3.0,100.0,0.0,5.0,100.0
86875,17.863,63.59436,16.76782,0.0,0.0,0.0,0.0,10.0,0.0,0.0,10.0
86876,17.2,84.6954,17.814344,0.0,0.0,0.0,0.0,0.0,0.0,0.0,0.0
86877,16.5395,91.14695,16.576757,0.0,0.0,0.0,0.0,1.0,1.0,0.0,0.0
86878,16.287,83.77453,16.49502,0.0,0.0,0.0,0.0,0.0,0.0,0.0,0.0
86879,17.587,70.8608,17.814774,0.0,0.0,0.0,0.0,18.0,0.0,0.0,18.0
86880,17.768501,58.28254,16.831322,0.0,0.0,0.0,0.0,0.0,0.0,0.0,0.0
86881,19.6185,51.91567,18.589737,0.0,0.0,0.0,0.0,0.0,0.0,0.0,0.0
86882,17.5245,93.86286,18.437048,0.0,0.0,0.0,1.0,27.0,18.0,19.0,0.0
86883,0.031499982,83.88398,-4.392425,0.0,0.0,0.0,3.0,96.0,96.0,0.0,0.0
86884,-2.5685,58.16169,-7.4014654,0.0,0.0,0.0,0.0,0.0,0.0,0.0,0.0
86885,-0.91850007,56.36456,-6.2221317,0.0,0.0,0.0,3.0,100.0,0.0,0.0,100.0
86886,13.514,100.0,14.427013,0.0,0.0,0.0,3.0,99.0,98.0,10.0,3.0
86887,16.3085,82.693146,16.1859,0.0,0.0,0.0,0.0,5.0,0.0,5.0,0.0
86888,16.775,78.03729,16.669426,0.0,0.0,0.0,0.0,8.0,1.0,7.0,0.0
86889,14.8,74.197845,13.336668,0.0,0.0,0.0,1.0,22.0,1.0,20.0,1.0
86890,15.9095,82.1058,15.947683,0.0,0.0,0.0,0.0,8.0,8.0,3.0,0.0
86891,22.914001,53.123955,20.697533,0.0,0.0,0.0,0.0,0.0,0.0,0.0,0.0
86892,10.1315,87.395515,8.445888,0.0,0.0,0.0,0.0,0.0,0.0,0.0,0.0
86893,16.1565,77.433586,15.996243,0.0,0.0,0.0,0.0,0.0,0.0,0.0,0.0
86894,14.981501,83.62339,14.042736,0.0,0.0,0.0,0.0,0.0,0.0,0.0,0.0
86895,7.7815003,66.746735,4.1980762,0.0,0.0,0.0,3.0,86.0,0.0,0.0,86.0
86896,5.9815,63.063107,0.8739958,0.0,0.0,0.0,0.0,0.0,0.0,0.0,0.0
86897,5.4315,74.88298,2.3416357,0.0,0.0,0.0,0.0,16.0,1.0,16.0,0.0
86898,9.8315,84.727486,8.024876,0.0,0.0,0.0,0.0,2.0,0.0,2.0,0.0
86900,14.1815,64.71695,11.198099,0.0,0.0,0.0,2.0,68.0,0.0,11.0,64.0
86901,12.531501,78.439606,10.864852,0.0,0.0,0.0,3.0,84.0,0.0,0.0,84.0
86902,15.9835005,80.78263,15.786381,0.0,0.0,0.0,0.0,16.0,0.0,16.0,0.0
86903,22.564001,51.658245,20.603615,0.0,0.0,0.0,0.0,0.0,0.0,0.0,0.0
86904,16.2475,85.69762,16.223269,0.0,0.0,0.0,2.0,55.0,0.0,0.0,55.0
86905,16.039,82.12206,15.830627,0.0,0.0,0.0,0.0,0.0,0.0,0.0,0.0
86906,19.139,75.176865,19.076567,0.0,0.0,0.0,0.0,0.0,0.0,0.0,0.0
86907,20.889,74.034515,21.15763,0.0,0.0,0.0,0.0,2.0,0.0,0.0,2.0
86908,16.7085,84.64186,17.187754,0.0,0.0,0.0,0.0,0.0,0.0,0.0,0.0
86909,19.1325,68.87362,18.793621,0.0,0.0,0.0,1.0,20.0,0.0,0.0,20.0
86910,16.887,84.38789,17.370714,0.0,0.0,0.0,0.0,0.0,0.0,0.0,0.0
86911,12.2225,79.72915,11.084104,0.0,0.0,0.0,0.0,0.0,0.0,0.0,0.0
86912,18.2545,79.275085,18.987108,0.0,0.0,0.0,1.0,38.0,2.0,36.0,1.0
86913,18.518501,85.92765,19.505415,0.0,0.0,0.0,1.0,36.0,17.0,0.0,23.0
86914,19.5045,65.44247,19.101402,0.0,0.0,0.0,0.0,4.0,0.0,4.0,0.0
86915,5.8459997,87.59906,3.4032168,0.0,0.0,0.0,1.0,20.0,20.0,0.0,0.0
86916,5.0459995,89.08252,2.542211,0.0,0.0,0.0,0.0,8.0,8.0,0.0,0.0
86917,17.082499,79.62446,17.34371,0.0,0.0,0.0,0.0,18.0,2.0,0.0,16.0
86918,18.5445,85.93025,19.541952,0.0,0.0,0.0,1.0,36.0,17.0,0.0,23.0
86919,20.265501,62.473072,21.021322,0.0,0.0,0.0,0.0,0.0,0.0,0.0,0.0
86920,16.2405,70.83928,15.917622,0.0,0.0,0.0,3.0,82.0,0.0,1.0,81.0
86921,25.0005,65.145615,25.844522,0.0,0.0,0.0,0.0,0.0,0.0,0.0,0.0
86922,20.3045,61.66946,19.713165,0.0,0.0,0.0,0.0,0.0,0.0,0.0,0.0
86923,19.3045,71.646385,19.919819,0.0,0.0,0.0,3.0,100.0,26.0,1.0,100.0
86924,19.574501,78.451805,20.107845,0.0,0.0,0.0,0.0,0.0,0.0,0.0,0.0
86925,18.6885,73.41749,18.602827,0.0,0.0,0.0,0.0,0.0,0.0,0.0,0.0
86926,23.1135,68.55584,24.929016,0.0,0.0,0.0,0.0,18.0,0.0,17.0,1.0
86927,11.481501,62.783638,8.1292305,0.0,0.0,0.0,0.0,0.0,0.0,0.0,0.0
86928,3.2814999,68.98011,-0.124307156,0.0,0.0,0.0,0.0,0.0,0.0,0.0,0.0
86929,3.8814998,51.294376,-0.4317627,0.0,0.0,0.0,1.0,29.0,0.0,10.0,21.0
86930,12.068,77.84054,9.453904,0.0,0.0,0.0,0.0,0.0,0.0,0.0,0.0
86931,16.05,80.527466,14.58987,0.0,0.0,0.0,0.0,1.0,1.0,0.0,0.0
86932,28.824001,41.82957,29.275581,0.0,0.0,0.0,0.0,0.0,0.0,0.0,0.0
86933,28.85,41.836735,29.311214,0.0,0.0,0.0,0.0,0.0,0.0,0.0,0.0
86934,19.237,87.096344,21.234098,0.0,0.0,0.0,3.0,100.0,0.0,0.0,100.0
86935,16.1365,83.213135,15.586895,0.0,0.0,0.0,0.0,0.0,0.0,0.0,0.0
86936,16.511,81.914085,16.49627,0.0,0.0,0.0,0.0,2.0,2.0,0.0,0.0
86937,20.0545,69.50387,20.200304,0.0,0.0,0.0,0.0,3.0,0.0,0.0,3.0
86938,20.2,66.882256,20.499378,0.0,0.0,0.0,0.0,0.0,0.0,0.0,0.0
86939,27.2,60.327152,28.968681,0.0,0.0,0.0,0.0,0.0,0.0,0.0,0.0
86940,32.224,31.958052,31.419567,0.0,0.0,0.0,0.0,0.0,0.0,0.0,0.0
86941,17.543499,95.66889,18.521645,0.0,0.0,0.0,0.0,0.0,0.0,0.0,0.0
86942,16.820002,87.71513,17.603018,0.0,0.0,0.0,0.0,13.0,0.0,7.0,6.0
86943,20.0545,69.50387,20.200304,0.0,0.0,0.0,0.0,3.0,0.0,0.0,3.0
86944,29.639,44.971214,30.554611,0.0,0.0,0.0,0.0,0.0,0.0,0.0,0.0
86945,18.1815,75.01811,17.466125,0.0,0.0,0.0,0.0,1.0,0.0,0.0,0.0
86946,14.031501,79.984535,13.332594,0.0,0.0,0.0,3.0,100.0,0.0,0.0,100.0
86947,16.820002,87.71513,17.603018,0.0,0.0,0.0,0.0,13.0,0.0,7.0,6.0
86948,30.9,37.909916,31.049194,0.0,0.0,0.0,0.0,0.0,0.0,0.0,0.0
86949,16.5315,91.439835,18.087318,0.0,0.0,0.0,1.0,41.0,0.0,0.0,41.0
86950,32.25,31.965187,31.454586,0.0,0.0,0.0,0.0,0.0,0.0,0.0,0.0
86951,13.8865,91.56999,12.262991,0.0,0.0,0.0,0.0,15.0,2.0,13.0,0.0
86952,16.820002,87.71513,17.603018,0.0,0.0,0.0,0.0,13.0,0.0,7.0,6.0
86953,16.820002,87.71513,17.603018,0.0,0.0,0.0,0.0,13.0,0.0,7.0,6.0
86954,16.820002,87.71513,17.603018,0.0,0.0,0.0,0.0,13.0,0.0,7.0,6.0
86955,20.809,59.603027,20.36645,0.0,0.0,0.0,0.0,0.0,0.0,0.0,0.0
86956,19.359001,66.48999,19.389074,0.0,0.0,0.0,0.0,0.0,0.0,0.0,0.0
86957,19.015501,72.05949,19.003098,0.0,0.0,0.0,0.0,7.0,3.0,4.0,0.0
86958,16.478498,82.98337,16.947336,0.0,0.0,0.0,0.0,0.0,0.0,0.0,0.0
86960,16.478498,82.98337,16.947336,0.0,0.0,0.0,0.0,0.0,0.0,0.0,0.0
86961,21.7435,61.99823,22.76198,0.0,0.0,0.0,0.0,3.0,0.0,0.0,3.0
86962,20.8155,59.604572,20.375113,0.0,0.0,0.0,0.0,0.0,0.0,0.0,0.0
86963,19.015501,72.05949,19.003098,0.0,0.0,0.0,0.0,7.0,3.0,4.0,0.0
86964,20.2785,62.476025,21.038698,0.0,0.0,0.0,0.0,0.0,0.0,0.0,0.0
86965,19.2405,62.24002,18.510952,0.0,0.0,0.0,0.0,1.0,0.0,1.0,0.0
86966,19.040499,81.18602,20.108006,0.0,0.0,0.0,1.0,27.0,0.0,0.0,27.0
86967,19.040499,81.18602,20.108006,0.0,0.0,0.0,1.0,27.0,0.0,0.0,27.0
86968,23.464,33.911995,21.19547,0.0,0.0,0.0,0.0,3.0,0.0,1.0,2.0
86969,25.214,37.81179,21.837742,0.0,0.0,0.0,1.0,45.0,0.0,5.0,42.0
86970,22.264,52.782295,19.500038,0.0,0.0,0.0,2.0,68.0,0.0,0.0,68.0
86971,21.714,52.813534,18.675999,0.0,0.0,0.0,0.0,0.0,0.0,0.0,0.0
86973,18.754,81.14873,18.014421,0.0,0.0,0.0,0.0,0.0,0.0,0.0,0.0
86974,22.127,68.36091,21.436077,0.0,0.0,0.0,3.0,100.0,0.0,0.0,100.0
86976,14.5,76.66386,13.678135,0.0,0.0,0.0,0.0,11.0,0.0,0.0,11.0
86979,20.827,78.38491,21.526358,0.0,0.0,0.0,3.0,100.0,0.0,0.0,100.0
86980,23.1525,61.12908,23.20793,0.0,0.0,0.0,0.0,0.0,0.0,0.0,0.0
86981,23.6525,63.633904,24.014536,0.0,0.0,0.0,2.0,60.0,0.0,0.0,60.0
86982,18.682499,65.05132,18.019892,0.0,0.0,0.0,0.0,0.0,0.0,0.0,0.0
86983,12.936501,93.95663,12.009144,0.0,0.0,0.0,0.0,13.0,2.0,2.0,10.0
86984,20.0935,77.78003,21.594343,0.0,0.0,0.0,0.0,17.0,0.0,0.0,17.0
86986,23.586498,54.877712,24.455843,0.0,0.0,0.0,1.0,22.0,0.0,0.0,21.0
86987,24.7815,91.66179,29.507675,0.0,0.0,0.0,0.0,0.0,0.0,0.0,0.0
86988,30.774,36.08282,31.06408,0.0,0.0,0.0,0.0,0.0,0.0,0.0,0.0
86989,15.736,74.11327,14.48086,0.0,0.0,0.0,0.0,9.0,0.0,9.0,0.0
86990,22.731499,77.44004,25.06806,0.0,0.0,0.0,3.0,100.0,0.0,0.0,100.0
86991,27.7,47.85519,28.08987,0.0,0.0,0.0,0.0,0.0,0.0,0.0,0.0
86992,18.7175,69.4691,18.571518,0.0,0.0,0.0,0.0,0.0,0.0,0.0,0.0
86993,30.838999,36.10085,31.15244,0.0,0.0,0.0,0.0,0.0,0.0,0.0,0.0
86994,18.3155,74.55458,18.480318,0.0,0.0,0.0,0.0,0.0,0.0,0.0,0.0
86995,16.765501,70.47119,16.178255,0.0,0.0,0.0,0.0,0.0,0.0,0.0,0.0
86996,16.1,72.23726,13.8371315,0.0,0.0,0.0,0.0,0.0,0.0,0.0,0.0
86997,29.4,40.1364,29.927628,0.0,0.0,0.0,0.0,0.0,0.0,0.0,0.0
86998,30.8,36.09003,31.099415,0.0,0.0,0.0,0.0,0.0,0.0,0.0,0.0
86999,25.48,86.86247,30.55489,0.0,0.0,0.0,0.0,0.0,0.0,0.0,0.0
87000,25.179998,79.492165,29.337597,0.0,0.0,0.0,0.0,0.0,0.0,0.0,0.0
87001,25.179998,79.492165,29.337597,0.0,0.0,0.0,0.0,0.0,0.0,0.0,0.0
87002,0.84999996,91.34911,-2.050151,0.0,0.0,0.0,2.0,75.0,6.0,0.0,73.0
87003,19.5545,67.62423,19.40804,0.0,0.0,0.0,0.0,0.0,0.0,0.0,0.0
87004,25.179998,79.492165,29.337597,0.0,0.0,0.0,0.0,0.0,0.0,0.0,0.0
87005,19.336,67.80043,19.142527,0.0,0.0,0.0,1.0,45.0,0.0,0.0,45.0
87006,24.2215,63.556297,25.649298,0.0,0.0,0.0,0.0,0.0,0.0,0.0,0.0
87007,15.386,89.02407,16.11704,0.0,0.0,0.0,1.0,23.0,23.0,0.0,0.0
87008,20.7335,74.720055,21.566296,0.0,0.0,0.0,0.0,8.0,0.0,0.0,8.0
87009,18.028,68.6537,17.650795,0.0,0.0,0.0,0.0,14.0,0.0,0.0,14.0
87010,27.2285,47.88285,27.970673,0.0,0.0,0.0,1.0,44.0,0.0,0.0,44.0
87011,17.380499,79.40802,17.044605,0.0,0.0,0.0,0.0,0.0,0.0,0.0,0.0
87012,20.1645,51.5397,19.34587,0.0,0.0,0.0,0.0,0.0,0.0,0.0,0.0
87013,20.1645,51.5397,19.34587,0.0,0.0,0.0,0.0,0.0,0.0,0.0,0.0
87014,16.0285,66.89431,14.036194,0.0,0.0,0.0,0.0,1.0,1.0,0.0,0.0
87015,17.380499,79.40802,17.044605,0.0,0.0,0.0,0.0,0.0,0.0,0.0,0.0
87016,16.9155,93.53564,17.854008,0.0,0.0,0.0,0.0,4.0,3.0,2.0,0.0
87017,17.463001,57.816692,15.590715,0.0,0.0,0.0,0.0,9.0,9.0,1.0,0.0
87018,16.013,72.46133,14.8568325,0.0,0.0,0.0,0.0,0.0,0.0,0.0,0.0
87019,17.1785,64.50822,15.744484,0.0,0.0,0.0,0.0,0.0,0.0,0.0,0.0
87020,26.4025,70.05346,28.959888,0.0,0.0,0.0,0.0,1.0,0.0,0.0,1.0
87021,23.0815,71.64954,24.748707,0.0,0.0,0.0,0.0,0.0,0.0,0.0,0.0
87022,18.450499,45.636032,16.863752,0.0,0.0,0.0,0.0,0.0,0.0,0.0,0.0
87023,21.2225,63.713787,22.381615,0.0,0.0,0.0,0.0,10.0,9.0,8.0,0.0
87024,23.222,64.97411,24.511824,0.0,0.0,0.0,0.0,0.0,0.0,0.0,0.0
87025,18.928,63.621582,18.14429,0.0,0.0,0.0,0.0,0.0,0.0,0.0,0.0
87026,19.8825,63.833324,19.38588,0.0,0.0,0.0,0.0,0.0,0.0,0.0,0.0
87027,18.7175,69.4691,18.571518,0.0,0.0,0.0,0.0,0.0,0.0,0.0,0.0
87028,20.0935,77.78003,21.594343,0.0,0.0,0.0,0.0,17.0,0.0,0.0,17.0
87029,31.1,41.12589,31.548836,0.0,0.0,0.0,0.0,0.0,0.0,0.0,0.0
87030,26.521502,48.939655,26.892488,0.0,0.0,0.0,0.0,0.0,0.0,0.0,0.0
87031,23.227999,66.01741,23.358524,0.0,0.0,0.0,0.0,6.0,2.0,4.0,0.0
87032,18.15,67.558174,17.109118,0.0,0.0,0.0,0.0,0.0,0.0,0.0,0.0
87033,18.889,71.105804,19.156487,0.0,0.0,0.0,0.0,1.0,1.0,0.0,0.0
87034,17.55,71.08709,16.387287,0.0,0.0,0.0,0.0,0.0,0.0,0.0,0.0
87035,18.3595,93.01478,20.516363,0.0,0.0,0.0,0.0,9.0,4.0,8.0,0.0
87036,20.5835,82.68004,22.710066,0.0,0.0,0.0,0.0,3.0,2.0,1.0,1.0
87037,32.25,37.317764,31.78128,0.0,0.0,0.0,0.0,0.0,0.0,0.0,0.0
87038,16.4655,82.98181,16.929775,0.0,0.0,0.0,0.0,0.0,0.0,0.0,0.0
87039,18.1995,81.86259,16.504307,0.0,0.0,0.0,2.0,79.0,0.0,0.0,79.0
87040,20.734,76.40499,22.755798,0.0,0.0,0.0,0.0,6.0,0.0,0.0,6.0
87041,20.714499,50.322636,19.902647,0.0,0.0,0.0,0.0,0.0,0.0,0.0,0.0
87042,24.8375,77.03781,28.309048,0.0,0.0,0.0,0.0,0.0,0.0,0.0,0.0
87043,20.6495,50.305233,19.819153,0.0,0.0,0.0,0.0,0.0,0.0,0.0,0.0
87044,21.154,60.864956,21.045418,0.0,0.0,0.0,0.0,3.0,0.0,0.0,3.0
87045,26.637499,67.132996,29.41222,0.0,0.0,0.0,1.0,40.0,0.0,1.0,39.0
87046,18.748,93.328514,21.174007,0.0,0.0,0.0,1.0,33.0,0.0,3.0,31.0
87047,16.5105,83.80021,17.458408,0.0,0.0,0.0,0.0,0.0,0.0,0.0,0.0
87048,26.637499,67.132996,29.41222,0.0,0.0,0.0,1.0,40.0,0.0,1.0,39.0
87049,22.904999,50.239212,23.262379,0.0,0.0,0.0,0.0,0.0,0.0,0.0,0.0
87050,22.9805,68.529655,23.506441,0.0,0.0,0.0,0.0,6.0,3.0,3.0,0.0
87051,17.4305,79.67324,17.649067,0.0,0.0,0.0,0.0,0.0,0.0,0.0,0.0
87052,18.2305,66.47132,17.762867,0.0,0.0,0.0,0.0,0.0,0.0,0.0,0.0
87053,25.464,37.12915,21.48956,0.0,0.0,0.0,0.0,0.0,0.0,0.0,0.0
87054,21.487,73.43282,23.334457,0.0,0.0,0.0,0.0,2.0,0.0,2.0,0.0
87055,20.737,68.52393,21.897041,0.0,0.0,0.0,0.0,0.0,0.0,0.0,0.0
87056,20.2175,47.076088,18.11788,0.0,0.0,0.0,0.0,2.0,0.0,2.0,0.0
87057,20.3975,65.20782,20.202374,0.0,0.0,0.0,3.0,96.0,0.0,0.0,96.0
87058,36.5335,40.80945,40.15698,0.0,0.0,0.0,0.0,1.0,0.0,0.0,1.0
87059,29.5,36.915142,29.532623,0.0,0.0,0.0,0.0,0.0,0.0,0.0,0.0
87060,31.724,35.996593,31.267185,0.0,0.0,0.0,0.0,0.0,0.0,0.0,0.0
87061,13.61,78.076225,10.232139,0.0,0.0,0.0,0.0,8.0,1.0,7.0,0.0
87062,25.6135,71.881165,29.10825,0.0,0.0,0.0,0.0,3.0,1.0,2.0,0.0
87063,32.224,37.3106,31.74495,0.0,0.0,0.0,0.0,0.0,0.0,0.0,0.0
87064,26.371,50.660267,26.337128,0.0,0.0,0.0,0.0,12.0,0.0,12.0,0.0
87065,13.759999,81.83248,10.642017,0.0,0.0,0.0,0.0,4.0,4.0,0.0,0.0
87066,13.66,82.64034,10.592181,0.0,0.0,0.0,0.0,4.0,0.0,0.0,4.0
87067,20.2,62.254158,19.817625,0.0,0.0,0.0,0.0,3.0,0.0,0.0,3.0
87068,22.0045,57.21854,21.15664,0.0,0.0,0.0,3.0,99.0,0.0,0.0,99.0
87069,20.7595,99.38611,24.91004,0.0,0.0,0.0,3.0,99.0,99.0,12.0,0.0
87070,16.6285,62.05355,15.290497,0.0,0.0,0.0,0.0,0.0,0.0,0.0,0.0
87071,21.1495,47.33233,20.221355,0.0,0.0,0.0,0.0,0.0,0.0,0.0,0.0
87072,18.748,93.328514,21.174007,0.0,0.0,0.0,1.0,33.0,0.0,3.0,31.0
87073,19.098,86.80787,21.242487,0.0,0.0,0.0,0.0,6.0,0.0,1.0,4.0
87074,19.098,86.80787,21.242487,0.0,0.0,0.0,0.0,6.0,0.0,1.0,4.0
87075,22.790499,63.24168,23.000113,0.0,0.0,0.0,0.0,2.0,0.0,2.0,0.0
87076,16.1605,83.4876,16.953104,0.0,0.0,0.0,0.0,0.0,0.0,0.0,0.0
87077,17.9155,75.46346,18.034351,0.0,0.0,0.0,0.0,0.0,0.0,0.0,0.0
87078,25.26,65.40514,26.8256,0.0,0.0,0.0,0.0,1.0,0.0,1.0,0.0
87079,20.734,76.40499,22.755798,0.0,0.0,0.0,0.0,6.0,0.0,0.0,6.0
87080,18.922499,73.22073,17.66476,0.0,0.0,0.0,1.0,38.0,0.0,0.0,38.0
87082,25.51,67.95679,27.746595,0.0,0.0,0.0,0.0,6.0,0.0,0.0,6.0
87083,24.710001,70.17127,27.349861,0.0,0.0,0.0,3.0,100.0,0.0,0.0,100.0
87084,20.4375,74.90973,21.399643,0.0,0.0,0.0,2.0,59.0,0.0,0.0,59.0
87085,20.749,47.541515,20.257196,0.0,0.0,0.0,0.0,0.0,0.0,0.0,0.0
87086,15.8654995,80.50243,15.92536,0.0,0.0,0.0,0.0,0.0,0.0,0.0,0.0
87087,18.115501,85.88722,18.940968,0.0,0.0,0.0,1.0,36.0,17.0,0.0,23.0
87088,23.064001,45.379852,19.893658,0.0,0.0,0.0,0.0,0.0,0.0,0.0,0.0
87089,35.133,22.978214,31.425735,0.0,0.0,0.0,0.0,0.0,0.0,0.0,0.0
87090,19.468,30.405775,15.546913,0.0,0.0,0.0,0.0,0.0,0.0,0.0,0.0
87091,18.318,39.135727,15.025669,0.0,0.0,0.0,0.0,0.0,0.0,0.0,0.0
87092,17.818,40.668644,14.322889,0.0,0.0,0.0,0.0,0.0,0.0,0.0,0.0
87093,20.66,71.664055,21.404997,0.0,0.0,0.0,0.0,6.0,0.0,6.0,0.0
87094,20.960001,52.96773,19.228739,0.0,0.0,0.0,0.0,3.0,3.0,0.0,0.0
87095,16.76,52.396557,14.782459,0.0,0.0,0.0,0.0,0.0,0.0,0.0,0.0
87096,14.96,63.581997,13.2536335,0.0,0.0,0.0,0.0,0.0,0.0,0.0,0.0
87097,16.61,57.800854,15.188574,0.0,0.0,0.0,0.0,0.0,0.0,0.0,0.0
87098,20.9555,61.61754,21.163147,0.0,0.0,0.0,3.0,100.0,0.0,0.0,100.0
87099,20.9555,61.61754,21.163147,0.0,0.0,0.0,3.0,100.0,0.0,0.0,100.0
87100,20.9555,61.61754,21.163147,0.0,0.0,0.0,3.0,100.0,0.0,0.0,100.0
87101,20.9555,61.61754,21.163147,0.0,0.0,0.0,3.0,100.0,0.0,0.0,100.0
87102,16.036499,87.3615,15.862984,0.0,0.0,0.0,0.0,2.0,0.0,2.0,0.0
87103,20.5555,62.948,20.662334,0.0,0.0,0.0,3.0,86.0,0.0,9.0,84.0
87104,20.5555,62.948,20.662334,0.0,0.0,0.0,3.0,86.0,0.0,9.0,84.0
87105,20.9555,61.61754,21.163147,0.0,0.0,0.0,3.0,100.0,0.0,0.0,100.0
87106,20.9555,61.61754,21.163147,0.0,0.0,0.0,3.0,100.0,0.0,0.0,100.0
87107,20.9555,61.61754,21.163147,0.0,0.0,0.0,3.0,100.0,0.0,0.0,100.0
87108,20.9555,61.61754,21.163147,0.0,0.0,0.0,3.0,100.0,0.0,0.0,100.0
87109,20.9555,61.61754,21.163147,0.0,0.0,0.0,3.0,100.0,0.0,0.0,100.0
87110,20.9555,61.61754,21.163147,0.0,0.0,0.0,3.0,100.0,0.0,0.0,100.0
87111,15.986501,95.3113,16.322731,0.0,0.0,0.0,0.0,0.0,0.0,0.0,0.0
87112,20.9555,61.61754,21.163147,0.0,0.0,0.0,3.0,100.0,0.0,0.0,100.0
87113,31.139,41.13657,31.603802,0.0,0.0,0.0,0.0,0.0,0.0,0.0,0.0
87114,30.739,35.83987,30.621555,0.0,0.0,0.0,0.0,0.0,0.0,0.0,0.0
87115,17.9835,97.51277,19.91044,0.0,0.0,0.0,0.0,2.0,0.0,2.0,0.0
87116,21.7545,83.078995,24.497288,0.0,0.0,0.0,0.0,13.0,0.0,9.0,5.0
87117,19.935501,41.704136,18.521461,0.0,0.0,0.0,0.0,0.0,0.0,0.0,0.0
87118,19.935501,41.704136,18.521461,0.0,0.0,0.0,0.0,0.0,0.0,0.0,0.0
87119,21.7,55.483215,20.487154,0.0,0.0,0.0,3.0,100.0,0.0,0.0,100.0
87120,21.214499,47.35016,20.304361,0.0,0.0,0.0,0.0,0.0,0.0,0.0,0.0
87121,22.764,48.893177,21.465614,0.0,0.0,0.0,0.0,0.0,0.0,0.0,0.0
87122,10.4995,85.37967,9.012666,0.0,0.0,0.0,0.0,0.0,0.0,0.0,0.0
87123,16.5935,82.4593,17.25479,0.0,0.0,0.0,1.0,22.0,0.0,0.0,22.0
87124,14.727,91.622665,14.15992,0.0,0.0,0.0,2.0,79.0,0.0,0.0,79.0
87125,29.724,53.659397,31.412743,0.0,0.0,0.0,0.0,0.0,0.0,0.0,0.0
87126,29.737,53.66264,31.432014,0.0,0.0,0.0,0.0,0.0,0.0,0.0,0.0
87127,21.497002,83.83216,23.814257,0.0,0.0,0.0,0.0,7.0,4.0,3.0,0.0
87128,28.98,44.936203,30.283585,0.0,0.0,0.0,0.0,0.0,0.0,0.0,0.0
87129,28.429998,43.649826,29.318535,0.0,0.0,0.0,0.0,0.0,0.0,0.0,0.0
87130,28.429998,43.649826,29.318535,0.0,0.0,0.0,0.0,0.0,0.0,0.0,0.0
87131,28.429998,43.649826,29.318535,0.0,0.0,0.0,0.0,0.0,0.0,0.0,0.0
87132,30.0175,44.93067,30.926445,0.0,0.0,0.0,0.0,0.0,0.0,0.0,0.0
87133,25.6795,71.67107,29.03225,0.0,0.0,0.0,0.0,2.0,0.0,0.0,2.0
87134,19.987,80.28156,22.012863,0.0,0.0,0.0,0.0,0.0,0.0,0.0,0.0
87135,21.487,73.43282,23.334457,0.0,0.0,0.0,0.0,2.0,0.0,2.0,0.0
87136,16.4655,82.98181,16.929775,0.0,0.0,0.0,0.0,0.0,0.0,0.0,0.0
87137,21.794,70.06255,22.502506,0.0,0.0,0.0,3.0,95.0,0.0,0.0,95.0
87138,21.794,70.06255,22.502506,0.0,0.0,0.0,3.0,95.0,0.0,0.0,95.0
87139,21.794,70.06255,22.502506,0.0,0.0,0.0,3.0,95.0,0.0,0.0,95.0
87140,21.0045,81.95331,22.609354,0.0,0.0,0.0,0.0,0.0,0.0,0.0,0.0
87141,20.2,62.254158,19.817625,0.0,0.0,0.0,0.0,3.0,0.0,0.0,3.0
87142,21.587,66.09687,22.67113,0.0,0.0,0.0,0.0,2.0,0.0,0.0,2.0
87143,18.5975,80.8683,19.14537,0.0,0.0,0.0,1.0,34.0,0.0,0.0,34.0
87144,18.0975,79.76629,18.438467,0.0,0.0,0.0,3.0,94.0,7.0,1.0,93.0
87146,20.287,78.30597,22.123968,0.0,0.0,0.0,0.0,0.0,0.0,0.0,0.0
87147,23.064001,43.307915,20.740135,0.0,0.0,0.0,0.0,0.0,0.0,0.0,0.0
87148,12.5065,83.89143,10.391237,0.0,0.0,0.0,0.0,0.0,0.0,0.0,0.0
87149,13.6565,73.00738,11.877214,0.0,0.0,0.0,0.0,2.0,0.0,2.0,0.0
87150,13.3065,71.23434,11.127842,0.0,0.0,0.0,0.0,0.0,0.0,0.0,0.0
87151,12.5065,85.59207,11.581305,0.0,0.0,0.0,0.0,10.0,0.0,0.0,10.0
87152,12.7565,86.76685,12.147646,0.0,0.0,0.0,0.0,0.0,0.0,0.0,0.0
87153,10.7065,93.53901,9.636843,0.0,0.0,0.0,0.0,6.0,0.0,0.0,6.0
87154,18.008501,77.46476,18.51254,0.0,0.0,0.0,0.0,1.0,0.0,0.0,1.0
87155,17.2475,95.96371,18.610535,0.0,0.0,0.0,3.0,100.0,0.0,0.0,100.0
87156,19.286,65.82539,19.14427,0.0,0.0,0.0,0.0,0.0,0.0,0.0,0.0
87158,19.286,72.57701,18.311958,0.0,0.0,0.0,0.0,0.0,0.0,0.0,0.0
87159,21.3545,82.7722,23.756655,0.0,0.0,0.0,0.0,0.0,0.0,0.0,0.0
87160,18.224998,75.26943,17.435633,0.0,0.0,0.0,3.0,97.0,0.0,0.0,97.0
87161,32.25,37.317764,31.78128,0.0,0.0,0.0,0.0,0.0,0.0,0.0,0.0
87162,30.6515,43.009285,31.596733,0.0,0.0,0.0,0.0,0.0,0.0,0.0,0.0
87163,20.4025,48.253216,18.518847,0.0,0.0,0.0,0.0,0.0,0.0,0.0,0.0
87164,14.6785,72.459465,12.971508,0.0,0.0,0.0,0.0,0.0,0.0,0.0,0.0
87165,31.75,36.003773,31.302948,0.0,0.0,0.0,0.0,0.0,0.0,0.0,0.0
87166,31.805,35.101852,31.619091,0.0,0.0,0.0,0.0,0.0,0.0,0.0,0.0
87167,19.973001,68.150276,19.434753,0.0,0.0,0.0,1.0,34.0,15.0,32.0,0.0
87168,31.405,47.33396,33.58756,0.0,0.0,0.0,0.0,0.0,0.0,0.0,0.0
87169,17.513,79.68478,16.864437,0.0,0.0,0.0,0.0,0.0,0.0,0.0,0.0
87170,23.513,78.77148,25.984293,0.0,0.0,0.0,0.0,2.0,0.0,0.0,2.0
87171,17.224,88.88487,18.77157,0.0,0.0,0.0,0.0,0.0,0.0,0.0,0.0
87172,23.374,58.866383,24.993923,0.0,0.0,0.0,0.0,0.0,0.0,0.0,0.0
87173,21.624,73.69011,23.877329,0.0,0.0,0.0,0.0,0.0,0.0,0.0,0.0
87174,19.8205,55.930553,19.472895,0.0,0.0,0.0,0.0,0.0,0.0,0.0,0.0
87175,20.0205,51.32913,19.37393,0.0,0.0,0.0,0.0,0.0,0.0,0.0,0.0
87176,20.7205,45.956787,19.918262,0.0,0.0,0.0,0.0,0.0,0.0,0.0,0.0
87177,21.5705,29.303108,19.494276,0.0,0.0,0.0,0.0,0.0,0.0,0.0,0.0
87178,20.074001,84.4681,22.443405,0.0,0.0,0.0,0.0,0.0,0.0,0.0,0.0
87179,20.524,83.98648,23.240292,0.0,0.0,0.0,0.0,0.0,0.0,0.0,0.0
87180,24.623,62.44696,25.523106,0.0,0.0,0.0,3.0,80.0,0.0,0.0,80.0
87181,8.3525,75.125595,6.256937,0.0,0.0,0.0,0.0,0.0,0.0,0.0,0.0
87182,19.8525,80.2634,20.482754,0.0,0.0,0.0,0.0,0.0,0.0,0.0,0.0
87183,19.5525,81.51157,20.30444,0.0,0.0,0.0,0.0,0.0,0.0,0.0,0.0
87184,21.526,93.17552,24.50083,0.0,0.0,0.0,0.0,11.0,0.0,0.0,11.0
87185,21.6025,85.963326,23.492176,0.0,0.0,0.0,0.0,0.0,0.0,0.0,0.0
87186,16.8525,76.7831,16.52194,0.0,0.0,0.0,0.0,16.0,8.0,11.0,0.0
87187,11.618,89.91072,10.525824,0.0,0.0,0.0,3.0,93.0,0.0,93.0,8.0
87188,14.526,84.40077,14.126478,0.0,0.0,0.0,0.0,0.0,0.0,0.0,0.0
87189,17.6025,90.34718,17.511448,0.0,0.0,0.0,0.0,2.0,2.0,0.0,0.0
87190,17.0525,74.58411,15.993555,0.0,0.0,0.0,0.0,13.0,0.0,13.0,0.0
87191,14.821,83.60467,14.677931,0.0,0.0,0.0,0.0,9.0,2.0,8.0,0.0
87192,14.821,83.60467,14.677931,0.0,0.0,0.0,0.0,9.0,2.0,8.0,0.0
87193,14.821,83.60467,14.677931,0.0,0.0,0.0,0.0,9.0,2.0,8.0,0.0
87194,19.418,98.45593,21.773468,0.0,0.0,0.0,2.0,60.0,57.0,6.0,0.0
87195,21.737,61.996746,22.753124,0.0,0.0,0.0,0.0,3.0,0.0,0.0,3.0
87196,23.137,66.630905,25.17442,0.0,0.0,0.0,2.0,75.0,0.0,0.0,75.0
87197,23.137,48.191624,23.224482,0.0,0.0,0.0,0.0,2.0,0.0,0.0,2.0
87198,18.286999,87.00839,20.002605,0.0,0.0,0.0,1.0,33.0,0.0,9.0,27.0
87199,14.821,83.60467,14.677931,0.0,0.0,0.0,0.0,9.0,2.0,8.0,0.0
87200,18.137,82.38286,19.08394,0.0,0.0,0.0,0.0,10.0,0.0,9.0,1.0
87201,16.587,82.45851,17.246006,0.0,0.0,0.0,1.0,22.0,0.0,0.0,22.0
87202,14.821,83.60467,14.677931,0.0,0.0,0.0,0.0,9.0,2.0,8.0,0.0
87203,17.021,64.25861,16.043383,0.0,0.0,0.0,1.0,30.0,29.0,12.0,0.0
87204,15.707,86.201904,15.420555,0.0,0.0,0.0,0.0,0.0,0.0,0.0,0.0
87205,17.4025,78.896965,16.968878,0.0,0.0,0.0,0.0,7.0,0.0,7.0,0.0
87206,25.508,62.0547,26.957993,0.0,0.0,0.0,0.0,0.0,0.0,0.0,0.0
87207,19.005001,67.954834,17.018038,0.0,0.0,0.0,0.0,0.0,0.0,0.0,0.0
87208,18.205,95.38885,19.407616,0.0,0.0,0.0,2.0,52.0,52.0,0.0,0.0
87209,7.665,11.770738,3.433876,0.0,0.0,0.0,3.0,97.0,0.0,0.0,97.0
87210,17.021,64.25861,16.043383,0.0,0.0,0.0,1.0,30.0,29.0,12.0,0.0
87211,17.021,64.25861,16.043383,0.0,0.0,0.0,1.0,30.0,29.0,12.0,0.0
87212,17.021,64.25861,16.043383,0.0,0.0,0.0,1.0,30.0,29.0,12.0,0.0
87213,12.571,79.24306,11.225558,0.0,0.0,0.0,0.0,1.0,1.0,0.0,0.0
87214,17.021,64.25861,16.043383,0.0,0.0,0.0,1.0,30.0,29.0,12.0,0.0
87215,12.571,79.24306,11.225558,0.0,0.0,0.0,0.0,1.0,1.0,0.0,0.0
87216,17.421,71.53171,16.905706,0.0,0.0,0.0,0.0,0.0,0.0,0.0,0.0
87217,17.421,71.53171,16.905706,0.0,0.0,0.0,0.0,0.0,0.0,0.0,0.0
87218,17.421,71.53171,16.905706,0.0,0.0,0.0,0.0,0.0,0.0,0.0,0.0
87219,17.421,71.53171,16.905706,0.0,0.0,0.0,0.0,0.0,0.0,0.0,0.0
87220,17.421,71.53171,16.905706,0.0,0.0,0.0,0.0,0.0,0.0,0.0,0.0
87221,19.6105,56.250923,19.237337,0.0,0.0,0.0,0.0,0.0,0.0,0.0,0.0
87222,20.1105,57.12792,19.24188,0.0,0.0,0.0,0.0,0.0,0.0,0.0,0.0
87223,18.1605,63.872158,16.856041,0.0,0.0,0.0,0.0,0.0,0.0,0.0,0.0
87224,18.7105,63.7833,18.235785,0.0,0.0,0.0,2.0,55.0,0.0,0.0,55.0
87225,22.810501,65.51082,24.316456,0.0,0.0,0.0,0.0,3.0,0.0,0.0,3.0
87226,20.8605,65.095695,21.315659,0.0,0.0,0.0,1.0,37.0,0.0,0.0,37.0
87227,20.6605,60.55162,20.798079,0.0,0.0,0.0,0.0,1.0,0.0,0.0,1.0
87228,18.1105,76.234474,18.863031,0.0,0.0,0.0,0.0,11.0,1.0,8.0,2.0
87229,16.6605,93.22435,17.759697,0.0,0.0,0.0,0.0,6.0,0.0,0.0,6.0
87230,17.421,71.53171,16.905706,0.0,0.0,0.0,0.0,0.0,0.0,0.0,0.0
87231,17.021,67.99893,16.65146,0.0,0.0,0.0,3.0,100.0,0.0,15.0,100.0
87232,24.23,32.420853,22.175846,0.0,0.0,0.0,0.0,2.0,0.0,2.0,0.0
87233,17.412,77.1218,15.92296,0.0,0.0,0.0,0.0,1.0,0.0,1.0,0.0
87234,16.312,67.4025,14.879585,0.0,0.0,0.0,0.0,11.0,6.0,8.0,0.0
87235,15.762,74.11779,15.017235,0.0,0.0,0.0,0.0,6.0,0.0,6.0,0.0
87236,18.374,81.09911,18.874683,0.0,0.0,0.0,0.0,0.0,0.0,0.0,0.0
87237,17.677,94.767746,19.63252,0.2,0.2,0.0,51.0,43.0,6.0,12.0,31.0
87238,17.227,78.87155,17.761412,0.0,0.0,0.0,1.0,28.0,0.0,17.0,25.0
87239,20.177,70.65889,20.077232,0.0,0.0,0.0,0.0,2.0,2.0,1.0,0.0
87240,22.177,73.78476,24.360462,0.0,0.0,0.0,0.0,5.0,0.0,0.0,5.0
87241,20.177,70.65889,20.077232,0.0,0.0,0.0,0.0,2.0,2.0,1.0,0.0
87242,20.977,58.482246,20.209646,0.0,0.0,0.0,0.0,0.0,0.0,0.0,0.0
87243,20.977,58.482246,20.209646,0.0,0.0,0.0,0.0,0.0,0.0,0.0,0.0
87244,18.327,77.26308,17.87033,0.0,0.0,0.0,1.0,32.0,0.0,0.0,32.0
87245,17.376999,82.55547,18.000021,0.0,0.0,0.0,0.0,1.0,1.0,0.0,0.0
87246,20.177,70.65889,20.077232,0.0,0.0,0.0,0.0,2.0,2.0,1.0,0.0
87247,20.977,58.482246,20.209646,0.0,0.0,0.0,0.0,0.0,0.0,0.0,0.0
87248,20.977,58.482246,20.209646,0.0,0.0,0.0,0.0,0.0,0.0,0.0,0.0
87249,20.177,70.65889,20.077232,0.0,0.0,0.0,0.0,2.0,2.0,1.0,0.0
87250,22.177,73.78476,24.360462,0.0,0.0,0.0,0.0,5.0,0.0,0.0,5.0
87251,17.227,78.87155,17.761412,0.0,0.0,0.0,1.0,28.0,0.0,17.0,25.0
87252,18.376999,80.32068,19.073565,0.0,0.0,0.0,0.0,0.0,0.0,0.0,0.0
87253,20.177,70.65889,20.077232,0.0,0.0,0.0,0.0,2.0,2.0,1.0,0.0
87254,20.177,70.65889,20.077232,0.0,0.0,0.0,0.0,2.0,2.0,1.0,0.0
87255,20.977,58.482246,20.209646,0.0,0.0,0.0,0.0,0.0,0.0,0.0,0.0
87256,17.677,94.767746,19.63252,0.2,0.2,0.0,51.0,43.0,6.0,12.0,31.0
87257,18.376999,80.32068,19.073565,0.0,0.0,0.0,0.0,0.0,0.0,0.0,0.0
87258,18.376999,80.32068,19.073565,0.0,0.0,0.0,0.0,0.0,0.0,0.0,0.0
87259,20.177,70.65889,20.077232,0.0,0.0,0.0,0.0,2.0,2.0,1.0,0.0
87260,20.977,58.482246,20.209646,0.0,0.0,0.0,0.0,0.0,0.0,0.0,0.0
87261,10.504,97.04078,9.310216,0.0,0.0,0.0,2.0,51.0,51.0,0.0,0.0
87262,20.177,70.65889,20.077232,0.0,0.0,0.0,0.0,2.0,2.0,1.0,0.0
87263,20.977,58.482246,20.209646,0.0,0.0,0.0,0.0,0.0,0.0,0.0,0.0
87264,17.227,78.87155,17.761412,0.0,0.0,0.0,1.0,28.0,0.0,17.0,25.0
87265,20.177,70.65889,20.077232,0.0,0.0,0.0,0.0,2.0,2.0,1.0,0.0
87266,20.977,58.482246,20.209646,0.0,0.0,0.0,0.0,0.0,0.0,0.0,0.0
87267,22.177,73.78476,24.360462,0.0,0.0,0.0,0.0,5.0,0.0,0.0,5.0
87268,24.011501,62.907818,25.186888,0.0,0.0,0.0,0.0,0.0,0.0,0.0,0.0
87269,17.227,78.87155,17.761412,0.0,0.0,0.0,1.0,28.0,0.0,17.0,25.0
87270,20.177,70.65889,20.077232,0.0,0.0,0.0,0.0,2.0,2.0,1.0,0.0
87271,20.177,70.65889,20.077232,0.0,0.0,0.0,0.0,2.0,2.0,1.0,0.0
87272,21.674002,55.842,21.581213,0.0,0.0,0.0,0.0,0.0,0.0,0.0,0.0
87273,20.977,58.482246,20.209646,0.0,0.0,0.0,0.0,0.0,0.0,0.0,0.0
87274,15.9395,78.168106,15.08326,0.0,0.0,0.0,3.0,88.0,0.0,0.0,88.0
87275,10.889501,86.00116,9.4815035,0.0,0.0,0.0,0.0,0.0,0.0,0.0,0.0
87276,17.421,71.53171,16.905706,0.0,0.0,0.0,0.0,0.0,0.0,0.0,0.0
87277,17.021,67.99893,16.65146,0.0,0.0,0.0,3.0,100.0,0.0,15.0,100.0
87278,17.421,71.53171,16.905706,0.0,0.0,0.0,0.0,0.0,0.0,0.0,0.0
87279,17.021,67.99893,16.65146,0.0,0.0,0.0,3.0,100.0,0.0,15.0,100.0
87280,15.339,74.29101,13.57316,0.0,0.0,0.0,0.0,6.0,5.0,3.0,0.0
87281,17.421,71.53171,16.905706,0.0,0.0,0.0,0.0,0.0,0.0,0.0,0.0
87282,18.720999,73.42317,18.542095,0.0,0.0,0.0,1.0,27.0,0.0,26.0,0.0
87283,18.720999,73.42317,18.542095,0.0,0.0,0.0,1.0,27.0,0.0,26.0,0.0
87284,18.720999,73.42317,18.542095,0.0,0.0,0.0,1.0,27.0,0.0,26.0,0.0
87285,13.854,73.53661,13.385727,0.0,0.0,0.0,0.0,0.0,0.0,0.0,0.0
87286,18.720999,73.42317,18.542095,0.0,0.0,0.0,1.0,27.0,0.0,26.0,0.0
87287,18.720999,73.42317,18.542095,0.0,0.0,0.0,1.0,27.0,0.0,26.0,0.0
87288,29.953001,44.06487,31.520733,0.0,0.0,0.0,3.0,90.0,0.0,2.0,90.0
87289,17.021,82.51186,17.426352,0.0,0.0,0.0,1.0,31.0,7.0,20.0,12.0
87290,17.021,82.51186,17.426352,0.0,0.0,0.0,1.0,31.0,7.0,20.0,12.0
87291,17.021,82.51186,17.426352,0.0,0.0,0.0,1.0,31.0,7.0,20.0,12.0
87292,18.720999,73.42317,18.542095,0.0,0.0,0.0,1.0,27.0,0.0,26.0,0.0
87293,18.720999,73.42317,18.542095,0.0,0.0,0.0,1.0,27.0,0.0,26.0,0.0
87294,18.154,67.78168,18.398012,0.0,0.0,0.0,0.0,17.0,1.0,16.0,3.0
87295,18.720999,73.42317,18.542095,0.0,0.0,0.0,1.0,27.0,0.0,26.0,0.0
87296,17.021,82.51186,17.426352,0.0,0.0,0.0,1.0,31.0,7.0,20.0,12.0
87297,18.17,84.800285,19.370989,0.0,0.0,0.0,1.0,28.0,5.0,28.0,0.0
87298,15.62,89.04288,16.270084,0.0,0.0,0.0,0.0,5.0,2.0,3.0,0.0
87299,15.17,96.832596,16.247879,0.0,0.0,0.0,2.0,58.0,3.0,5.0,56.0
87300,15.67,80.47587,15.57494,0.0,0.0,0.0,0.0,0.0,0.0,0.0,0.0
87301,13.17,80.13152,12.241098,0.0,0.0,0.0,0.0,0.0,0.0,0.0,0.0
87302,19.154501,65.36742,19.16373,0.0,0.0,0.0,0.0,3.0,0.0,3.0,0.0
87303,18.720999,73.42317,18.542095,0.0,0.0,0.0,1.0,27.0,0.0,26.0,0.0
87304,18.720999,73.42317,18.542095,0.0,0.0,0.0,1.0,27.0,0.0,26.0,0.0
87305,18.720999,73.42317,18.542095,0.0,0.0,0.0,1.0,27.0,0.0,26.0,0.0
87306,18.821,76.59435,19.221514,0.0,0.0,0.0,0.0,0.0,0.0,0.0,0.0
87307,18.521,70.80541,18.174421,0.0,0.0,0.0,0.0,0.0,0.0,0.0,0.0
87308,18.821,76.59435,19.221514,0.0,0.0,0.0,0.0,0.0,0.0,0.0,0.0
87309,30.805,37.64023,31.180779,0.0,0.0,0.0,0.0,0.0,0.0,0.0,0.0
87310,30.805,37.64023,31.180779,0.0,0.0,0.0,0.0,0.0,0.0,0.0,0.0
87311,18.521,70.80541,18.174421,0.0,0.0,0.0,0.0,0.0,0.0,0.0,0.0
87312,18.521,70.80541,18.174421,0.0,0.0,0.0,0.0,0.0,0.0,0.0,0.0
87313,18.521,70.80541,18.174421,0.0,0.0,0.0,0.0,0.0,0.0,0.0,0.0
87314,23.5325,62.202824,23.97835,0.0,0.0,0.0,0.0,0.0,0.0,0.0,0.0
87315,29.955,45.77647,31.837124,0.0,0.0,0.0,0.0,0.0,0.0,0.0,0.0
87316,18.521,70.80541,18.174421,0.0,0.0,0.0,0.0,0.0,0.0,0.0,0.0
87317,18.521,70.80541,18.174421,0.0,0.0,0.0,0.0,0.0,0.0,0.0,0.0
87318,10.604,74.476524,9.1216545,0.0,0.0,0.0,0.0,9.0,9.0,0.0,0.0
87319,17.489,77.38524,17.527567,0.0,0.0,0.0,3.0,86.0,0.0,0.0,86.0
87320,21.989,78.80044,23.531628,0.0,0.0,0.0,0.0,19.0,0.0,18.0,5.0
87321,18.521,70.80541,18.174421,0.0,0.0,0.0,0.0,0.0,0.0,0.0,0.0
87322,18.521,70.80541,18.174421,0.0,0.0,0.0,0.0,0.0,0.0,0.0,0.0
87323,21.236,67.964645,21.947445,0.0,0.0,0.0,0.0,2.0,0.0,2.0,0.0
87324,20.5545,55.74489,19.436037,0.0,0.0,0.0,0.0,0.0,0.0,0.0,0.0
87325,24.3545,66.460335,25.670767,0.0,0.0,0.0,0.0,1.0,0.0,1.0,0.0
87326,18.521,70.80541,18.174421,0.0,0.0,0.0,0.0,0.0,0.0,0.0,0.0
87327,18.720999,70.15351,18.059008,0.0,0.0,0.0,0.0,11.0,0.0,0.0,11.0
87328,18.720999,70.15351,18.059008,0.0,0.0,0.0,0.0,11.0,0.0,0.0,11.0
87329,18.720999,70.15351,18.059008,0.0,0.0,0.0,0.0,11.0,0.0,0.0,11.0
87330,23.1475,73.71808,24.810198,0.0,0.0,0.0,0.0,1.0,0.0,1.0,0.0
87331,18.720999,70.15351,18.059008,0.0,0.0,0.0,0.0,11.0,0.0,0.0,11.0
87332,8.354,100.0,7.238164,0.0,0.0,0.0,3.0,95.0,95.0,0.0,0.0
87333,16.571,80.073654,16.366472,0.0,0.0,0.0,1.0,35.0,0.0,0.0,35.0
87334,16.571,80.073654,16.366472,0.0,0.0,0.0,1.0,35.0,0.0,0.0,35.0
87335,18.646,69.910446,15.593344,0.0,0.0,0.0,0.0,0.0,0.0,0.0,0.0
87336,18.720999,70.15351,18.059008,0.0,0.0,0.0,0.0,11.0,0.0,0.0,11.0
87337,30.805,37.64023,31.180779,0.0,0.0,0.0,0.0,0.0,0.0,0.0,0.0
87338,15.7315,91.68495,16.020372,0.0,0.0,0.0,0.0,12.0,12.0,0.0,0.0
87339,15.481501,73.57851,14.403666,0.0,0.0,0.0,0.0,10.0,0.0,10.0,0.0
87340,11.6315,91.73188,10.427779,0.0,0.0,0.0,0.0,15.0,15.0,0.0,0.0
87341,14.6315,81.944016,14.058754,0.0,0.0,0.0,0.0,2.0,1.0,0.0,0.0
87342,12.3315,90.86582,11.377072,0.0,0.0,0.0,0.0,0.0,0.0,0.0,0.0
87343,19.155,85.71868,18.92165,0.0,0.0,0.0,3.0,99.0,0.0,2.0,99.0
87344,17.2815,70.56999,17.44126,0.0,0.0,0.0,3.0,98.0,98.0,0.0,0.0
87346,8.004,86.59417,6.4990673,0.0,0.0,0.0,0.0,11.0,11.0,0.0,0.0
87347,22.8045,69.58977,24.47877,0.0,0.0,0.0,3.0,100.0,0.0,0.0,100.0
87348,17.9065,81.825554,19.114141,0.0,0.0,0.0,0.0,17.0,1.0,15.0,1.0
87349,31.405,47.33396,33.58756,0.0,0.0,0.0,0.0,0.0,0.0,0.0,0.0
87350,22.1095,58.563976,22.02999,0.0,0.0,0.0,1.0,25.0,0.0,0.0,25.0
87351,20.4105,73.71646,21.366756,0.0,0.0,0.0,0.0,1.0,0.0,1.0,0.0
87352,20.4105,73.71646,21.366756,0.0,0.0,0.0,0.0,1.0,0.0,1.0,0.0
87353,7.7539997,99.65999,6.7343435,0.0,0.0,0.0,3.0,89.0,89.0,0.0,0.0
87354,17.588999,72.746056,15.807825,0.0,0.0,0.0,0.0,10.0,0.0,1.0,9.0
87355,20.977,58.482246,20.209646,0.0,0.0,0.0,0.0,0.0,0.0,0.0,0.0
87356,19.387,60.65178,19.452934,0.0,0.0,0.0,0.0,7.0,0.0,1.0,6.0
87357,18.720999,70.15351,18.059008,0.0,0.0,0.0,0.0,11.0,0.0,0.0,11.0
87358,18.720999,70.15351,18.059008,0.0,0.0,0.0,0.0,11.0,0.0,0.0,11.0
87359,18.720999,70.15351,18.059008,0.0,0.0,0.0,0.0,11.0,0.0,0.0,11.0
87360,18.5835,85.38789,19.833204,0.0,0.0,0.0,3.0,97.0,0.0,0.0,97.0
87361,8.604,59.92075,5.9907293,0.0,0.0,0.0,0.0,5.0,5.0,0.0,0.0
87362,18.286,79.279564,17.611462,0.0,0.0,0.0,2.0,60.0,0.0,6.0,57.0
87363,30.4345,37.537514,30.673546,0.0,0.0,0.0,0.0,0.0,0.0,0.0,0.0
87364,30.805,37.64023,31.180779,0.0,0.0,0.0,0.0,0.0,0.0,0.0,0.0
87365,30.805,37.64023,31.180779,0.0,0.0,0.0,0.0,0.0,0.0,0.0,0.0
87366,30.805,37.64023,31.180779,0.0,0.0,0.0,0.0,0.0,0.0,0.0,0.0
87367,21.7695,42.5112,19.787283,0.0,0.0,0.0,0.0,0.0,0.0,0.0,0.0
87368,20.771502,39.16158,18.516256,0.0,0.0,0.0,0.0,0.0,0.0,0.0,0.0
87369,8.403999,57.337395,5.269923,0.0,0.0,0.0,0.0,5.0,5.0,0.0,0.0
87370,18.0835,91.82817,19.86105,0.0,0.0,0.0,1.0,22.0,0.0,17.0,6.0
87371,7.7039995,95.657104,5.951433,0.0,0.0,0.0,1.0,46.0,46.0,0.0,0.0
87372,20.9605,63.65598,20.697662,0.0,0.0,0.0,0.0,18.0,0.0,7.0,12.0
87373,20.9605,63.65598,20.697662,0.0,0.0,0.0,0.0,18.0,0.0,7.0,12.0
87374,16.117,62.565147,14.836868,0.0,0.0,0.0,0.0,0.0,0.0,0.0,0.0
87375,34.9475,19.649725,32.752068,0.0,0.0,0.0,0.0,19.0,0.0,18.0,2.0
87376,7.104,86.50398,4.816764,0.0,0.0,0.0,1.0,22.0,22.0,0.0,0.0
87377,24.060501,44.905746,23.043869,0.0,0.0,0.0,0.0,12.0,0.0,12.0,0.0
87378,24.060501,44.905746,23.043869,0.0,0.0,0.0,0.0,12.0,0.0,12.0,0.0
87379,19.1475,73.023575,18.874735,0.0,0.0,0.0,0.0,0.0,0.0,0.0,0.0
87380,17.376999,82.55547,18.000021,0.0,0.0,0.0,0.0,1.0,1.0,0.0,0.0
87381,20.177,70.65889,20.077232,0.0,0.0,0.0,0.0,2.0,2.0,1.0,0.0
87382,18.376999,80.32068,19.073565,0.0,0.0,0.0,0.0,0.0,0.0,0.0,0.0
87383,20.177,70.65889,20.077232,0.0,0.0,0.0,0.0,2.0,2.0,1.0,0.0
87384,22.177,73.78476,24.360462,0.0,0.0,0.0,0.0,5.0,0.0,0.0,5.0
87385,26.513,84.63638,30.388561,0.0,0.0,0.0,0.0,0.0,0.0,0.0,0.0
87386,23.501,68.19973,24.713787,0.0,0.0,0.0,0.0,18.0,0.0,7.0,11.0
87387,19.439,86.8399,21.617853,0.0,0.0,0.0,1.0,29.0,15.0,4.0,13.0
87388,18.6615,76.32226,19.310297,0.0,0.0,0.0,0.0,13.0,0.0,9.0,5.0
87389,14.664,91.02323,14.754375,0.0,0.0,0.0,0.0,0.0,0.0,0.0,0.0
87390,17.6205,28.494703,14.138517,0.0,0.0,0.0,0.0,0.0,0.0,0.0,0.0
87391,18.820501,28.114414,15.277584,0.0,0.0,0.0,0.0,0.0,0.0,0.0,0.0
87392,19.786,60.346333,19.255774,0.0,0.0,0.0,0.0,0.0,0.0,0.0,0.0
87393,30.805,37.64023,31.180779,0.0,0.0,0.0,0.0,0.0,0.0,0.0,0.0
87394,30.805,37.64023,31.180779,0.0,0.0,0.0,0.0,0.0,0.0,0.0,0.0
87395,30.805,37.64023,31.180779,0.0,0.0,0.0,0.0,0.0,0.0,0.0,0.0
87396,23.6695,56.15615,24.382732,0.0,0.0,0.0,0.0,0.0,0.0,0.0,0.0
87397,30.805,37.64023,31.180779,0.0,0.0,0.0,0.0,0.0,0.0,0.0,0.0
87398,17.0815,73.134186,16.812037,0.0,0.0,0.0,3.0,91.0,0.0,0.0,91.0
87399,20.1815,70.887924,20.271427,0.0,0.0,0.0,0.0,1.0,0.0,0.0,1.0
87400,15.514,64.35606,12.760736,0.0,0.0,0.0,0.0,0.0,0.0,0.0,0.0
87401,16.289,75.1943,15.812983,0.0,0.0,0.0,3.0,85.0,0.0,7.0,84.0
87402,22.4,59.39896,21.969528,0.0,0.0,0.0,0.0,8.0,0.0,8.0,0.0
87403,30.805,37.64023,31.180779,0.0,0.0,0.0,0.0,0.0,0.0,0.0,0.0
87404,31.805,35.101852,31.619091,0.0,0.0,0.0,0.0,0.0,0.0,0.0,0.0
87405,17.67,84.20299,18.690987,0.0,0.0,0.0,1.0,30.0,11.0,27.0,0.0
87406,17.67,84.20299,18.690987,0.0,0.0,0.0,1.0,30.0,11.0,27.0,0.0
87407,18.17,84.800285,19.370989,0.0,0.0,0.0,1.0,28.0,5.0,28.0,0.0
87408,31.805,35.101852,31.619091,0.0,0.0,0.0,0.0,0.0,0.0,0.0,0.0
87409,31.6095,34.37352,31.64119,0.0,0.0,0.0,0.0,0.0,0.0,0.0,0.0
87410,31.805,35.101852,31.619091,0.0,0.0,0.0,0.0,0.0,0.0,0.0,0.0
87411,31.6095,34.37352,31.64119,0.0,0.0,0.0,0.0,0.0,0.0,0.0,0.0
87412,31.805,35.101852,31.619091,0.0,0.0,0.0,0.0,0.0,0.0,0.0,0.0
87413,31.805,35.101852,31.619091,0.0,0.0,0.0,0.0,0.0,0.0,0.0,0.0
87414,15.066999,75.99332,14.903862,0.0,0.0,0.0,0.0,0.0,0.0,0.0,0.0
87415,11.316999,72.58011,9.291026,0.0,0.0,0.0,0.0,0.0,0.0,0.0,0.0
87416,9.766999,69.08534,7.5641813,0.0,0.0,0.0,0.0,0.0,0.0,0.0,0.0
87417,13.764,74.76816,12.297939,0.0,0.0,0.0,0.0,0.0,0.0,0.0,0.0
87418,10.766999,78.17236,8.791501,0.0,0.0,0.0,0.0,0.0,0.0,0.0,0.0
87419,29.955,45.77647,31.837124,0.0,0.0,0.0,0.0,0.0,0.0,0.0,0.0
87420,29.955,45.77647,31.837124,0.0,0.0,0.0,0.0,0.0,0.0,0.0,0.0
87421,13.501,71.27135,11.559285,0.0,0.0,0.0,0.0,0.0,0.0,0.0,0.0
87422,9.2895,71.95027,5.59853,0.0,0.0,0.0,0.0,2.0,1.0,0.0,0.0
87423,29.955,45.77647,31.837124,0.0,0.0,0.0,0.0,0.0,0.0,0.0,0.0
87424,29.5845,45.676846,31.310966,0.0,0.0,0.0,0.0,0.0,0.0,0.0,0.0
87425,29.955,45.77647,31.837124,0.0,0.0,0.0,0.0,0.0,0.0,0.0,0.0
87426,29.955,45.77647,31.837124,0.0,0.0,0.0,0.0,0.0,0.0,0.0,0.0
87427,29.955,45.77647,31.837124,0.0,0.0,0.0,0.0,0.0,0.0,0.0,0.0
87428,19.451,59.475372,17.377048,0.0,0.0,0.0,0.0,0.0,0.0,0.0,0.0
87429,8.5835,77.02549,5.0145245,0.0,0.0,0.0,1.0,33.0,33.0,0.0,0.0
87430,10.35,72.903946,6.755228,0.0,0.0,0.0,0.0,12.0,12.0,0.0,0.0
87431,8.389,88.43978,6.631755,0.0,0.0,0.0,3.0,87.0,0.0,0.0,87.0
87433,29.955,45.77647,31.837124,0.0,0.0,0.0,0.0,0.0,0.0,0.0,0.0
87434,29.955,45.77647,31.837124,0.0,0.0,0.0,0.0,0.0,0.0,0.0,0.0
87435,29.955,45.77647,31.837124,0.0,0.0,0.0,0.0,0.0,0.0,0.0,0.0
87436,25.3195,44.809032,25.450089,0.0,0.0,0.0,0.0,0.0,0.0,0.0,0.0
87437,29.955,45.77647,31.837124,0.0,0.0,0.0,0.0,0.0,0.0,0.0,0.0
87438,15.67,80.47587,15.57494,0.0,0.0,0.0,0.0,0.0,0.0,0.0,0.0
87439,15.67,80.47587,15.57494,0.0,0.0,0.0,0.0,0.0,0.0,0.0,0.0
87440,15.67,80.47587,15.57494,0.0,0.0,0.0,0.0,0.0,0.0,0.0,0.0
87441,15.67,80.47587,15.57494,0.0,0.0,0.0,0.0,0.0,0.0,0.0,0.0
87442,15.67,80.47587,15.57494,0.0,0.0,0.0,0.0,0.0,0.0,0.0,0.0
87443,22.1095,58.563976,22.02999,0.0,0.0,0.0,1.0,25.0,0.0,0.0,25.0
87444,16.3675,85.709885,16.810545,0.0,0.0,0.0,0.0,19.0,0.0,8.0,12.0
87445,16.417501,79.270996,16.477142,0.0,0.0,0.0,0.0,0.0,0.0,0.0,0.0
87446,9.9865,81.61714,8.524938,0.0,0.0,0.0,3.0,96.0,37.0,0.0,93.0
87447,12.842999,74.35788,11.150889,0.0,0.0,0.0,0.0,0.0,0.0,0.0,0.0
87448,12.842999,74.35788,11.150889,0.0,0.0,0.0,0.0,0.0,0.0,0.0,0.0
87449,12.842999,74.35788,11.150889,0.0,0.0,0.0,0.0,0.0,0.0,0.0,0.0
87450,12.842999,74.35788,11.150889,0.0,0.0,0.0,0.0,0.0,0.0,0.0,0.0
87451,12.842999,74.35788,11.150889,0.0,0.0,0.0,0.0,0.0,0.0,0.0,0.0
87452,15.493,69.292244,14.280064,0.0,0.0,0.0,0.0,0.0,0.0,0.0,0.0
87453,16.243,67.61357,15.314562,0.0,0.0,0.0,0.0,0.0,0.0,0.0,0.0
87455,16.243,67.61357,15.314562,0.0,0.0,0.0,0.0,0.0,0.0,0.0,0.0
87456,16.243,67.61357,15.314562,0.0,0.0,0.0,0.0,0.0,0.0,0.0,0.0
87457,16.243,67.61357,15.314562,0.0,0.0,0.0,0.0,0.0,0.0,0.0,0.0
87458,16.243,67.61357,15.314562,0.0,0.0,0.0,0.0,0.0,0.0,0.0,0.0
87459,16.243,67.61357,15.314562,0.0,0.0,0.0,0.0,0.0,0.0,0.0,0.0
87460,18.192999,71.2077,17.576916,0.0,0.0,0.0,1.0,32.0,28.0,2.0,4.0
87461,18.143,70.50266,17.76928,0.0,0.0,0.0,0.0,12.0,8.0,8.0,0.0
87462,18.143,70.50266,17.76928,0.0,0.0,0.0,0.0,12.0,8.0,8.0,0.0
87463,18.143,70.50266,17.76928,0.0,0.0,0.0,0.0,12.0,8.0,8.0,0.0
87464,18.143,70.50266,17.76928,0.0,0.0,0.0,0.0,12.0,8.0,8.0,0.0
87465,18.143,70.50266,17.76928,0.0,0.0,0.0,0.0,12.0,8.0,8.0,0.0
87466,18.143,70.50266,17.76928,0.0,0.0,0.0,0.0,12.0,8.0,8.0,0.0
87467,18.143,70.50266,17.76928,0.0,0.0,0.0,0.0,12.0,8.0,8.0,0.0
87468,18.143,70.50266,17.76928,0.0,0.0,0.0,0.0,12.0,8.0,8.0,0.0
87469,17.643,79.44512,17.99551,0.0,0.0,0.0,0.0,0.0,0.0,0.0,0.0
87470,19.793,68.33562,19.963509,0.0,0.0,0.0,0.0,1.0,0.0,1.0,0.0
87471,19.793,68.33562,19.963509,0.0,0.0,0.0,0.0,1.0,0.0,1.0,0.0
87472,19.793,68.33562,19.963509,0.0,0.0,0.0,0.0,1.0,0.0,1.0,0.0
87473,19.793,68.33562,19.963509,0.0,0.0,0.0,0.0,1.0,0.0,1.0,0.0
87474,19.793,68.33562,19.963509,0.0,0.0,0.0,0.0,1.0,0.0,1.0,0.0
87475,19.793,68.33562,19.963509,0.0,0.0,0.0,0.0,1.0,0.0,1.0,0.0
87476,19.793,68.33562,19.963509,0.0,0.0,0.0,0.0,1.0,0.0,1.0,0.0
87477,19.793,68.33562,19.963509,0.0,0.0,0.0,0.0,1.0,0.0,1.0,0.0
87478,29.955,45.77647,31.837124,0.0,0.0,0.0,0.0,0.0,0.0,0.0,0.0
87479,29.7095,48.847202,31.942097,0.0,0.0,0.0,0.0,0.0,0.0,0.0,0.0
87480,19.559,74.52332,19.734947,0.0,0.0,0.0,0.0,11.0,0.0,0.0,11.0
87481,19.809,66.15161,20.084526,0.0,0.0,0.0,1.0,32.0,0.0,0.0,32.0
87482,18.459,74.8212,18.97509,0.0,0.0,0.0,0.0,6.0,0.0,0.0,6.0
87483,29.955,45.77647,31.837124,0.0,0.0,0.0,0.0,0.0,0.0,0.0,0.0
87484,29.955,45.77647,31.837124,0.0,0.0,0.0,0.0,0.0,0.0,0.0,0.0
87485,29.7095,48.847202,31.942097,0.0,0.0,0.0,0.0,0.0,0.0,0.0,0.0
87486,29.955,45.77647,31.837124,0.0,0.0,0.0,0.0,0.0,0.0,0.0,0.0
87487,29.955,45.77647,31.837124,0.0,0.0,0.0,0.0,0.0,0.0,0.0,0.0
87488,8.05,79.95452,4.7265816,0.0,0.0,0.0,0.0,0.0,0.0,0.0,0.0
87489,19.4315,73.784744,18.705341,0.0,0.0,0.0,0.0,4.0,2.0,0.0,1.0
87490,20.7815,71.45687,21.483988,0.0,0.0,0.0,0.0,3.0,1.0,2.0,0.0
87491,19.6315,70.55585,19.897827,0.0,0.0,0.0,0.0,1.0,0.0,0.0,1.0
87492,19.231499,75.678246,19.653517,0.0,0.0,0.0,0.0,6.0,0.0,6.0,0.0
87493,16.8815,69.10723,15.605139,0.0,0.0,0.0,0.0,0.0,0.0,0.0,0.0
87494,17.481499,57.62674,15.440128,0.0,0.0,0.0,0.0,0.0,0.0,0.0,0.0
87495,20.274,82.904495,22.177057,0.0,0.0,0.0,0.0,0.0,0.0,0.0,0.0
87496,16.164001,50.29205,13.840679,0.0,0.0,0.0,0.0,0.0,0.0,0.0,0.0
87497,17.064001,46.843853,14.900808,0.0,0.0,0.0,0.0,0.0,0.0,0.0,0.0
87498,17.714,54.83708,16.053535,0.0,0.0,0.0,0.0,0.0,0.0,0.0,0.0
87499,17.086,43.855194,14.336094,0.0,0.0,0.0,0.0,0.0,0.0,0.0,0.0
87500,19.114,35.313232,15.32716,0.0,0.0,0.0,0.0,0.0,0.0,0.0,0.0
87501,17.2815,53.438137,14.853743,0.0,0.0,0.0,0.0,0.0,0.0,0.0,0.0
87502,16.214,54.449055,14.294828,0.0,0.0,0.0,0.0,0.0,0.0,0.0,0.0
87503,17.336,52.37039,13.928854,0.0,0.0,0.0,0.0,0.0,0.0,0.0,0.0
87504,30.405,51.220356,33.014557,0.0,0.0,0.0,0.0,0.0,0.0,0.0,0.0
87505,30.405,51.220356,33.014557,0.0,0.0,0.0,0.0,0.0,0.0,0.0,0.0
87506,30.0345,51.125385,32.46832,0.0,0.0,0.0,0.0,0.0,0.0,0.0,0.0
87507,17.964,57.167007,15.127928,0.0,0.0,0.0,0.0,0.0,0.0,0.0,0.0
87508,30.405,51.220356,33.014557,0.0,0.0,0.0,0.0,0.0,0.0,0.0,0.0
87509,30.405,51.220356,33.014557,0.0,0.0,0.0,0.0,0.0,0.0,0.0,0.0
87510,30.405,51.220356,33.014557,0.0,0.0,0.0,0.0,0.0,0.0,0.0,0.0
87511,16.464,49.682682,14.256321,0.0,0.0,0.0,0.0,0.0,0.0,0.0,0.0
87512,31.405,47.33396,33.58756,0.0,0.0,0.0,0.0,0.0,0.0,0.0,0.0
87513,31.405,47.33396,33.58756,0.0,0.0,0.0,0.0,0.0,0.0,0.0,0.0
87514,31.4595,44.05436,33.32432,0.0,0.0,0.0,0.0,0.0,0.0,0.0,0.0
87515,31.405,47.33396,33.58756,0.0,0.0,0.0,0.0,0.0,0.0,0.0,0.0
87516,31.4595,44.05436,33.32432,0.0,0.0,0.0,0.0,0.0,0.0,0.0,0.0
87517,31.405,47.33396,33.58756,0.0,0.0,0.0,0.0,0.0,0.0,0.0,0.0
87518,31.405,47.33396,33.58756,0.0,0.0,0.0,0.0,0.0,0.0,0.0,0.0
87519,25.119501,51.318943,26.052061,0.0,0.0,0.0,0.0,0.0,0.0,0.0,0.0
87520,31.405,47.33396,33.58756,0.0,0.0,0.0,0.0,0.0,0.0,0.0,0.0
87521,31.405,47.33396,33.58756,0.0,0.0,0.0,0.0,0.0,0.0,0.0,0.0
87522,31.405,47.33396,33.58756,0.0,0.0,0.0,0.0,0.0,0.0,0.0,0.0
87523,31.405,47.33396,33.58756,0.0,0.0,0.0,0.0,0.0,0.0,0.0,0.0
87524,29.955,45.77647,31.837124,0.0,0.0,0.0,0.0,0.0,0.0,0.0,0.0
87525,8.4,93.743225,6.9529963,0.0,0.0,0.0,2.0,68.0,68.0,1.0,0.0
87526,29.155,52.521763,31.21119,0.0,0.0,0.0,3.0,82.0,0.0,0.0,82.0
87527,17.564001,40.453163,15.109169,0.0,0.0,0.0,0.0,0.0,0.0,0.0,0.0
87528,7.5,92.73749,4.8693066,0.0,0.0,0.0,0.0,8.0,8.0,0.0,0.0
87529,18.064001,52.56306,15.79883,0.0,0.0,0.0,0.0,1.0,0.0,1.0,0.0
87530,21.875,52.6813,21.561121,0.0,0.0,0.0,1.0,31.0,5.0,30.0,0.0
87531,17.775002,53.931828,15.823627,0.0,0.0,0.0,0.0,0.0,0.0,0.0,0.0
87532,19.625,54.592075,18.641134,0.0,0.0,0.0,0.0,0.0,0.0,0.0,0.0
87533,13.769,54.184887,10.75365,0.0,0.0,0.0,0.0,0.0,0.0,0.0,0.0
87534,15.2015,68.08116,13.321722,0.0,0.0,0.0,0.0,0.0,0.0,0.0,0.0
87535,15.133,82.007744,13.689116,0.0,0.0,0.0,0.0,7.0,1.0,7.0,0.0
87536,5.6315,96.92539,2.9657469,0.0,0.0,0.0,0.0,0.0,0.0,0.0,0.0
87537,18.249,70.52286,17.90286,0.0,0.0,0.0,0.0,13.0,3.0,0.0,10.0
87538,23.025002,65.13949,24.500809,0.0,0.0,0.0,0.0,9.0,8.0,7.0,0.0
87539,17.764,44.97384,14.127392,0.0,0.0,0.0,0.0,0.0,0.0,0.0,0.0
87540,7.2815,88.037254,5.035165,0.0,0.0,0.0,0.0,14.0,0.0,0.0,14.0
87541,19.4005,40.277733,17.064655,0.0,0.0,0.0,0.0,0.0,0.0,0.0,0.0
87542,9.1045,79.828415,6.0140343,0.0,0.0,0.0,0.0,0.0,0.0,0.0,0.0
87543,15.563,79.67125,13.114523,0.0,0.0,0.0,1.0,31.0,14.0,19.0,0.0
87544,12.9575,81.45571,11.717237,0.0,0.0,0.0,1.0,26.0,11.0,3.0,16.0
87545,8.289,80.82775,5.0744267,0.0,0.0,0.0,0.0,0.0,0.0,0.0,0.0
87546,7.189,88.950005,4.7380524,0.0,0.0,0.0,0.0,0.0,0.0,0.0,0.0
87547,12.437,79.22359,10.080206,0.0,0.0,0.0,0.0,0.0,0.0,0.0,0.0
87548,12.487,79.49842,8.335388,0.0,0.0,0.0,0.0,0.0,0.0,0.0,0.0
87549,15.587001,83.42035,13.001339,0.0,0.0,0.0,0.0,17.0,16.0,4.0,0.0
87550,4.8,91.28933,2.3146806,0.0,0.0,0.0,0.0,0.0,0.0,0.0,0.0
87551,18.6405,65.90429,18.183826,0.0,0.0,0.0,0.0,0.0,0.0,0.0,0.0
87552,19.5405,61.899727,18.87687,0.0,0.0,0.0,1.0,40.0,0.0,0.0,40.0
87553,24.925001,54.508335,24.515125,0.0,0.0,0.0,0.0,0.0,0.0,0.0,0.0
87554,8.35,75.12516,3.935484,0.0,0.0,0.0,2.0,57.0,1.0,0.0,57.0
87555,15.5865,94.38023,16.382835,0.1,0.1,0.0,51.0,100.0,100.0,14.0,5.0
87556,11.5605,82.10021,10.581669,0.0,0.0,0.0,2.0,64.0,0.0,0.0,64.0
87557,5.1475,94.571556,2.6883173,0.0,0.0,0.0,0.0,0.0,0.0,0.0,0.0
87558,13.014501,82.8367,10.8597,0.0,0.0,0.0,2.0,50.0,2.0,9.0,43.0
87559,10.738999,94.485435,9.519468,0.0,0.0,0.0,3.0,100.0,100.0,8.0,0.0
87560,8.664,93.755936,7.2236557,0.0,0.0,0.0,1.0,28.0,4.0,27.0,0.0
87561,13.5265,84.009056,12.120655,0.0,0.0,0.0,0.0,0.0,0.0,0.0,0.0
87562,24.8515,61.71165,26.620102,0.0,0.0,0.0,0.0,2.0,0.0,0.0,2.0
87563,3.8775,80.78571,0.6050091,0.0,0.0,0.0,0.0,14.0,12.0,1.0,1.0
87565,18.514,49.22423,15.532471,0.0,0.0,0.0,0.0,0.0,0.0,0.0,0.0
87566,4.5815,90.9529,2.534706,0.0,0.0,0.0,0.0,1.0,1.0,0.0,0.0
87567,5.826,86.98389,3.240672,0.0,0.0,0.0,0.0,0.0,0.0,0.0,0.0
87568,18.064001,27.900148,14.576639,0.0,0.0,0.0,0.0,0.0,0.0,0.0,0.0
87569,16.914001,35.175213,13.745419,0.0,0.0,0.0,0.0,0.0,0.0,0.0,0.0
87570,17.164001,23.657013,13.003082,0.0,0.0,0.0,0.0,0.0,0.0,0.0,0.0
87571,15.514,30.370146,11.666727,0.0,0.0,0.0,0.0,0.0,0.0,0.0,0.0
87572,24.790499,55.713375,24.943638,0.0,0.0,0.0,0.0,0.0,0.0,0.0,0.0
87573,24.790499,55.713375,24.943638,0.0,0.0,0.0,0.0,0.0,0.0,0.0,0.0
87574,23.925001,49.527874,22.843906,0.0,0.0,0.0,0.0,0.0,0.0,0.0,0.0
87575,22.625,54.279057,21.719608,0.0,0.0,0.0,0.0,0.0,0.0,0.0,0.0
87576,14.6615,80.338,13.797895,0.0,0.0,0.0,0.0,0.0,0.0,0.0,0.0
87577,9.1905,75.269455,6.2757025,0.0,0.0,0.0,0.0,5.0,1.0,4.0,0.0
87578,9.1905,75.269455,6.2757025,0.0,0.0,0.0,0.0,5.0,1.0,4.0,0.0
87579,11.1545,81.770195,9.32806,0.0,0.0,0.0,1.0,28.0,26.0,0.0,2.0
87580,10.7545,88.04614,9.513807,0.0,0.0,0.0,0.0,13.0,13.0,0.0,0.0
87581,10.988,88.96097,9.089526,0.0,0.0,0.0,0.0,2.0,0.0,2.0,0.0
87582,11.3545,82.91169,8.767357,0.0,0.0,0.0,0.0,1.0,0.0,0.0,1.0
87583,13.0045,88.243225,11.925568,0.0,0.0,0.0,0.0,12.0,0.0,0.0,12.0
87584,16.564001,65.022316,13.9373665,0.0,0.0,0.0,0.0,0.0,0.0,0.0,0.0
87585,11.6975,92.65772,10.822688,0.0,0.0,0.0,0.0,0.0,0.0,0.0,0.0
87586,12.054501,90.84686,10.779077,0.0,0.0,0.0,2.0,60.0,0.0,0.0,60.0
87587,17.964,25.9005,12.835709,0.0,0.0,0.0,0.0,0.0,0.0,0.0,0.0
87588,7.7869997,92.435455,6.096258,0.0,0.0,0.0,0.0,0.0,0.0,0.0,0.0
87597,10.304501,91.0324,8.125227,0.0,0.0,0.0,3.0,100.0,65.0,0.0,100.0
87598,9.4045,93.15811,6.4162006,0.0,0.0,0.0,0.0,14.0,14.0,0.0,0.0
87607,7.7895,76.359,5.1458874,0.0,0.0,0.0,0.0,1.0,0.0,0.0,1.0
87609,6.7869997,95.9562,5.2678833,0.0,0.0,0.0,3.0,88.0,0.0,0.0,88.0
87610,6.337,95.279854,4.8417244,0.0,0.0,0.0,0.0,0.0,0.0,0.0,0.0
87611,17.964,58.52638,15.286921,0.0,0.0,0.0,1.0,29.0,0.0,22.0,10.0
87612,13.514,50.803818,9.007128,0.0,0.0,0.0,3.0,95.0,0.0,0.0,95.0
87613,15.314,97.46173,12.883514,0.0,0.0,0.0,3.0,100.0,100.0,0.0,0.0
87614,6.589,88.89972,4.119294,0.0,0.0,0.0,0.0,10.0,10.0,0.0,0.0
87615,-0.241,93.64679,-3.7973714,0.0,0.0,0.0,3.0,94.0,0.0,0.0,94.0
87616,0.13299999,73.37451,-5.2109623,0.0,0.0,0.0,2.0,70.0,4.0,3.0,69.0
87617,-3.017,75.9131,-7.662056,0.0,0.0,0.0,3.0,99.0,10.0,44.0,98.0
87618,3.5045,87.69031,0.729733,0.0,0.0,0.0,3.0,96.0,6.0,0.0,96.0
87619,16.114,21.74608,11.784508,0.0,0.0,0.0,0.0,0.0,0.0,0.0,0.0
87620,6.7475,86.46801,4.6322727,0.0,0.0,0.0,3.0,91.0,91.0,0.0,6.0
87621,4.739,90.00593,2.0813503,0.0,0.0,0.0,0.0,3.0,3.0,0.0,0.0
87622,5.981,99.655136,4.283349,0.0,0.0,0.0,3.0,97.0,97.0,0.0,0.0
87623,5.981,99.655136,4.283349,0.0,0.0,0.0,3.0,97.0,97.0,0.0,0.0
87624,5.981,99.655136,4.283349,0.0,0.0,0.0,3.0,97.0,97.0,0.0,0.0
87625,5.981,99.655136,4.283349,0.0,0.0,0.0,3.0,97.0,97.0,0.0,0.0
87626,5.981,99.655136,4.283349,0.0,0.0,0.0,3.0,97.0,97.0,0.0,0.0
87627,5.981,99.655136,4.283349,0.0,0.0,0.0,3.0,97.0,97.0,0.0,0.0
87628,5.981,99.655136,4.283349,0.0,0.0,0.0,3.0,97.0,97.0,0.0,0.0
87629,5.5545,83.6454,3.205175,0.0,0.0,0.0,0.0,16.0,1.0,0.0,16.0
87630,5.4545,90.69494,2.5203185,0.0,0.0,0.0,3.0,87.0,0.0,0.0,87.0
87631,6.5,96.279175,4.3826303,0.0,0.0,0.0,0.0,4.0,4.0,0.0,0.0
87632,7.5545,93.06012,5.587742,0.0,0.0,0.0,2.0,61.0,61.0,0.0,0.0
87633,16.514,28.387465,10.288612,0.0,0.0,0.0,0.0,0.0,0.0,0.0,0.0
87634,0.13149998,72.280785,-4.6870785,0.0,0.0,0.0,0.0,0.0,0.0,0.0,0.0
87635,9.414,38.05568,4.751915,0.0,0.0,0.0,0.0,0.0,0.0,0.0,0.0
87636,12.714,57.21894,7.0599136,0.0,0.0,0.0,0.0,0.0,0.0,0.0,0.0
87637,3.814,33.32798,-0.53504467,0.0,0.0,0.0,0.0,0.0,0.0,0.0,0.0
87638,9.164,32.01411,4.8501835,0.0,0.0,0.0,0.0,0.0,0.0,0.0,0.0
87639,-0.513,77.21137,-3.4568138,0.0,0.0,0.0,0.0,0.0,0.0,0.0,0.0
87641,12.2705,69.59114,10.39082,0.0,0.0,0.0,1.0,26.0,14.0,6.0,12.0
87642,0.48749995,94.7111,-2.4954808,0.0,0.0,0.0,0.0,15.0,15.0,0.0,0.0
87643,10.466,80.84764,8.9567585,0.0,0.0,0.0,0.0,2.0,0.0,0.0,2.0
87644,10.316,73.150505,8.289719,0.0,0.0,0.0,0.0,1.0,0.0,0.0,1.0
87645,2.0375001,79.646095,-1.042558,0.0,0.0,0.0,0.0,1.0,1.0,0.0,0.0
87647,-1.4185001,87.86757,-6.7820263,0.0,0.0,0.0,0.0,9.0,0.0,5.0,5.0
87648,4.7324996,75.845276,0.0067300797,0.0,0.0,0.0,1.0,25.0,25.0,0.0,0.0
87649,5.25,90.999435,2.1844149,0.0,0.0,0.0,0.0,15.0,11.0,12.0,0.0
87650,6.7545004,84.378395,3.7080956,0.0,0.0,0.0,0.0,17.0,0.0,17.0,0.0
87651,5.6,83.650894,1.4332895,0.0,0.0,0.0,0.0,12.0,12.0,0.0,0.0
87652,3.7,78.74532,0.2345047,0.0,0.0,0.0,2.0,56.0,7.0,0.0,53.0
87654,1.4575,91.721596,-2.0387285,0.0,0.0,0.0,0.0,0.0,0.0,0.0,0.0
87655,-0.7955,94.30931,-4.1608467,0.0,0.0,0.0,0.0,6.0,0.0,0.0,6.0
87656,-0.1525,82.01641,-4.493721,0.0,0.0,0.0,0.0,0.0,0.0,0.0,0.0
87657,-0.1,83.24907,-4.49578,0.0,0.0,0.0,0.0,0.0,0.0,0.0,0.0
87658,3.2545,82.466835,-0.07823849,0.0,0.0,0.0,3.0,85.0,68.0,0.0,52.0
87659,-0.472,87.30891,-4.2749104,0.0,0.0,0.0,0.0,0.0,0.0,0.0,0.0
87660,2.0755,86.609116,-2.2023938,0.0,0.0,0.0,0.0,0.0,0.0,0.0,0.0
87661,5.0905,90.03285,2.4588408,0.0,0.0,0.0,0.0,0.0,0.0,0.0,0.0
87662,4.5905,92.89872,2.127327,0.0,0.0,0.0,0.0,13.0,4.0,0.0,9.0
87663,4.5905,92.89872,2.127327,0.0,0.0,0.0,0.0,13.0,4.0,0.0,9.0
87664,-4.435,88.586,-10.273933,0.3,0.0,0.21000001,73.0,100.0,100.0,100.0,93.0
87665,7.126,70.023384,2.7652235,0.0,0.0,0.0,0.0,13.0,0.0,0.0,12.0
87666,-0.524,72.15272,-4.204764,0.0,0.0,0.0,0.0,0.0,0.0,0.0,0.0
87667,-8.022,73.52354,-13.319099,0.0,0.0,0.0,0.0,0.0,0.0,0.0,0.0
87669,-9.590501,54.6145,-14.441285,0.0,0.0,0.0,0.0,0.0,0.0,0.0,0.0
87670,19.077501,28.909302,15.910948,0.0,0.0,0.0,0.0,0.0,0.0,0.0,0.0
87671,-5.9185,79.646286,-10.87403,0.0,0.0,0.0,0.0,1.0,0.0,1.0,0.0
87672,12.024,87.57046,10.750554,0.0,0.0,0.0,1.0,25.0,22.0,9.0,0.0
87673,12.024,87.57046,10.750554,0.0,0.0,0.0,1.0,25.0,22.0,9.0,0.0
87674,-2.0595,91.82964,-5.141556,0.0,0.0,0.0,1.0,26.0,26.0,0.0,0.0
87675,-2.0595,91.82964,-5.141556,0.0,0.0,0.0,1.0,26.0,26.0,0.0,0.0
87676,-2.0024998,92.175705,-5.831247,0.0,0.0,0.0,0.0,0.0,0.0,0.0,0.0
87677,-1.75,93.56956,-5.446531,0.0,0.0,0.0,0.0,0.0,0.0,0.0,0.0
87678,3.0755,95.49576,-0.45937848,0.0,0.0,0.0,3.0,100.0,11.0,0.0,100.0
87679,3.572,79.58459,-0.90531087,0.0,0.0,0.0,0.0,8.0,7.0,0.0,0.0
87680,-1.2755,89.86101,-5.67985,0.0,0.0,0.0,0.0,0.0,0.0,0.0,0.0
87681,-2.663,98.161804,-5.7257595,0.0,0.0,0.0,3.0,100.0,100.0,64.0,1.0
87682,0.0405,89.3072,-3.4579575,0.0,0.0,0.0,0.0,11.0,0.0,11.0,0.0
87683,-2.0024998,92.175705,-5.831247,0.0,0.0,0.0,0.0,0.0,0.0,0.0,0.0
87684,3.7895,94.848175,1.1367779,0.0,0.0,0.0,3.0,98.0,71.0,80.0,88.0
87685,-9.9535,79.01178,-14.572025,0.0,0.0,0.0,0.0,0.0,0.0,0.0,0.0
87686,3.05,87.020195,-1.058917,0.0,0.0,0.0,0.0,9.0,9.0,0.0,0.0
87688,-4.363,70.55457,-7.8961406,0.0,0.0,0.0,3.0,100.0,0.0,0.0,100.0
87689,-4.747,54.866837,-9.439602,0.0,0.0,0.0,0.0,0.0,0.0,0.0,0.0
87690,3.0895,69.19439,-1.8768978,0.0,0.0,0.0,0.0,0.0,0.0,0.0,0.0
87691,3.5219998,72.13511,-2.8161278,0.0,0.0,0.0,1.0,36.0,36.0,0.0,0.0
87692,2.15,93.76639,-0.9209695,0.0,0.0,0.0,3.0,91.0,0.0,91.0,4.0
87694,-7.9630003,85.52508,-12.559063,0.0,0.0,0.0,0.0,0.0,0.0,0.0,0.0
87695,3.2814999,74.773384,-1.8811064,0.0,0.0,0.0,2.0,71.0,24.0,10.0,61.0
87696,-0.45949998,59.63168,-4.1405272,0.0,0.0,0.0,0.0,0.0,0.0,0.0,0.0
87697,-2.9455001,93.858,-6.5537024,0.0,0.0,0.0,0.0,4.0,4.0,0.0,0.0
87698,1.1545,87.148506,-3.5800097,0.0,0.0,0.0,3.0,90.0,28.0,0.0,86.0
87699,-1.413,68.23224,-4.7077975,0.0,0.0,0.0,0.0,0.0,0.0,0.0,0.0
87700,-15.9565,64.55003,-21.704004,0.0,0.0,0.0,0.0,0.0,0.0,0.0,0.0
87701,-0.5095,80.15499,-5.6897516,0.0,0.0,0.0,3.0,99.0,14.0,0.0,99.0
87708,1.439,92.720955,-2.8384876,0.0,0.0,0.0,0.0,0.0,0.0,0.0,0.0
87732,-0.80249995,86.953476,-5.4083085,0.0,0.0,0.0,3.0,100.0,0.0,0.0,100.0
87797,15.026,79.07072,13.251469,0.0,0.0,0.0,0.0,4.0,4.0,0.0,0.0
87798,13.726,89.18274,13.257811,0.0,0.0,0.0,0.0,4.0,0.0,4.0,0.0
87799,17.325998,81.224075,17.235853,0.0,0.0,0.0,2.0,50.0,8.0,31.0,25.0
87800,17.126,71.241646,15.382462,0.0,0.0,0.0,1.0,20.0,16.0,1.0,5.0
87801,15.376,78.60089,14.761183,0.0,0.0,0.0,1.0,38.0,0.0,0.0,38.0
87802,14.276,78.699295,13.4426155,0.0,0.0,0.0,0.0,1.0,0.0,0.0,1.0
87855,27.935,45.963696,26.93374,0.0,0.0,0.0,0.0,5.0,0.0,5.0,0.0
88053,25.48,86.86247,30.55489,0.0,0.0,0.0,0.0,0.0,0.0,0.0,0.0
88054,28.98,44.936203,30.283585,0.0,0.0,0.0,0.0,0.0,0.0,0.0,0.0
88058,25.48,86.86247,30.55489,0.0,0.0,0.0,0.0,0.0,0.0,0.0,0.0
88059,28.98,44.936203,30.283585,0.0,0.0,0.0,0.0,0.0,0.0,0.0,0.0
88375,23.475,63.190742,24.673607,0.0,0.0,0.0,0.0,6.0,0.0,5.0,1.0
88376,17.8,81.28582,17.56929,0.0,0.0,0.0,1.0,29.0,0.0,4.0,26.0
88377,20.375,61.283035,19.870728,0.0,0.0,0.0,0.0,2.0,0.0,2.0,0.0
88378,24.175001,50.082714,22.3088,0.0,0.0,0.0,0.0,3.0,0.0,3.0,0.0
88419,15.982,78.690056,15.637981,0.0,0.0,0.0,0.0,0.0,0.0,0.0,0.0
